Placement,IQ,Prev_Sem_Result,CGPA,Academic_Performance,Internship_Experience,Extra_Curricular_Score,Communication_Skills,Projects_Completed
1,117,8.27,5.99,8,Yes,6,10,6
0,107,8.93,7.09,6,No,4,9,2
0,119,6.04,6.95,5,Yes,3,3,2
1,132,8.88,8.6,8,Yes,8,9,1
0,106,6.72,8.33,5,No,9,10,0
0,106,6.39,6.92,6,Yes,0,8,4
0,133,5.2,6.5,7,No,10,5,3
1,121,5.21,6.42,6,No,3,10,10
0,102,7.77,8.48,9,Yes,2,3,1
0,118,6.83,5.23,8,Yes,5,7,0
0,103,5.91,5.06,6,Yes,4,9,2
0,103,7.46,8.58,7,No,6,6,5
0,113,6.01,7.15,5,Yes,0,3,1
0,81,7.31,5.59,8,Yes,4,5,9
0,84,6.44,6.06,6,No,1,7,6
1,101,8.29,9.2,7,Yes,1,8,10
0,94,8.28,8.87,6,No,10,4,6
1,114,6.91,8.19,9,No,10,2,10
0,96,6.4,7.17,8,Yes,1,10,2
0,88,6.45,7.34,5,Yes,8,2,0
1,131,8.22,9.39,7,No,9,3,8
1,106,6.31,9.35,6,Yes,2,8,10
0,111,5.84,5.97,8,Yes,3,1,4
0,88,5.34,8.65,6,Yes,4,7,1
0,101,6.87,5.89,8,No,3,6,7
0,111,6.93,5.96,9,No,3,2,9
1,92,8.36,8.04,6,Yes,4,9,9
0,115,5.88,6.82,9,Yes,9,5,3
0,100,6.52,9.19,7,No,8,2,10
0,105,8.23,5.4,9,No,8,3,9
0,100,8.29,7.3,8,Yes,5,7,6
1,137,6.54,9.13,7,Yes,10,7,4
1,109,6.84,9.07,6,No,2,10,2
0,94,6.21,5.7,6,No,5,1,9
1,122,8.73,6.65,8,No,9,10,7
0,91,5.47,7.79,5,No,3,4,1
0,113,8.73,5.72,5,No,2,6,0
1,80,7.74,9.36,6,Yes,5,8,4
0,90,7.13,9.12,8,No,10,3,10
0,112,5.13,5.75,5,No,5,3,3
1,121,6.9,5.55,9,No,1,8,10
1,112,6.63,5.38,6,Yes,8,8,9
1,108,5.64,9.09,9,Yes,7,8,6
0,105,7.63,5.87,8,No,5,1,8
0,87,8.88,6.87,9,Yes,0,8,5
0,99,7.25,7.02,5,Yes,1,8,10
0,103,7.86,7.7,5,No,3,2,0
1,125,5.27,5.32,7,Yes,6,9,7
0,115,6.67,6.02,6,No,8,7,1
1,83,5.47,9.19,8,No,9,8,3
1,114,7.45,9.09,6,Yes,4,2,2
0,104,8.75,8.52,9,No,9,4,5
0,99,7.65,5.09,8,No,1,7,1
0,119,5.31,6.47,8,Yes,10,6,4
0,125,6.42,7.83,5,Yes,10,7,10
0,123,7.2,6.24,9,No,10,1,8
1,97,6.61,9.09,5,Yes,0,8,2
0,105,8.33,7.85,5,Yes,9,7,1
0,114,8.26,5.32,7,Yes,0,4,1
1,124,7.45,9.09,5,Yes,4,1,8
1,102,6.49,9.31,6,Yes,6,8,5
0,107,6.02,5.35,8,No,8,10,1
0,93,5.42,7.4,5,No,8,7,2
0,92,6.42,6.37,6,Yes,7,8,0
0,122,6.65,6.77,9,Yes,0,10,1
0,130,7.7,5.81,8,No,4,1,1
0,108,7.63,7.6,9,Yes,5,5,10
1,125,5.28,9.31,6,No,5,9,1
0,115,6.58,7.26,9,No,3,5,6
0,100,5.73,5.37,9,No,0,10,2
0,115,5.63,7.79,9,Yes,2,3,10
1,133,8.31,6.53,5,Yes,9,9,3
0,109,5.17,8.85,5,Yes,3,9,1
0,133,6.68,6.96,5,Yes,3,4,4
0,70,5.67,5.87,8,Yes,3,4,8
1,122,8.52,5.86,6,No,4,8,8
1,111,7.23,8.46,5,No,10,7,6
0,105,5.93,6.2,9,No,8,5,7
1,111,7.01,8.45,9,No,3,6,4
0,80,7.93,5.93,9,Yes,8,3,4
0,106,8.83,6.45,9,No,8,6,2
1,115,5.88,7.09,7,Yes,0,8,5
1,132,8.54,9.24,8,Yes,4,10,0
1,102,8.74,9.19,6,Yes,8,9,2
0,97,8.67,5.93,6,No,3,3,10
0,102,7.54,6.61,5,No,4,8,1
0,123,7.52,5.67,7,Yes,3,3,6
0,114,6.61,7.29,6,Yes,1,2,8
0,102,8.01,7.07,8,Yes,9,5,3
1,117,7.13,9.05,9,Yes,1,4,6
1,111,7.71,9.19,5,Yes,1,5,7
0,124,6.71,6.73,8,No,0,6,9
0,99,7.93,7.21,6,No,2,3,1
0,105,8.3,9.03,7,Yes,10,1,6
0,104,5.59,8.63,5,No,9,4,2
0,88,8.33,5.02,6,Yes,0,6,7
0,114,7.16,6.44,5,No,3,2,5
0,113,8.38,6.9,6,Yes,0,2,2
0,110,6.73,6.03,9,No,3,1,7
0,106,6.52,5.9,7,No,2,9,10
0,88,8.66,5.17,9,No,8,3,2
0,103,6.0,7.9,6,Yes,0,2,8
0,104,8.38,6.18,8,No,7,4,10
0,97,6.94,5.24,9,Yes,10,6,2
0,107,7.06,6.04,8,Yes,8,1,0
1,116,6.23,8.61,6,Yes,6,9,1
1,138,7.29,8.83,7,No,0,9,3
1,112,6.3,7.17,8,No,3,8,10
0,113,5.16,6.87,6,Yes,9,6,1
0,108,6.09,9.4,8,Yes,0,4,3
0,81,5.03,5.9,9,No,3,2,3
0,109,8.91,5.97,6,Yes,2,8,3
0,110,8.86,6.31,9,Yes,1,7,0
0,146,6.58,5.78,5,Yes,0,4,8
0,107,7.91,6.71,6,No,5,3,9
1,114,6.38,9.1,8,Yes,6,6,10
0,109,7.68,7.77,5,No,5,1,6
0,92,8.22,6.85,9,Yes,8,2,1
1,127,8.79,9.2,9,Yes,8,7,2
0,121,6.6,5.22,8,Yes,1,3,7
0,121,8.13,5.95,5,Yes,1,1,6
0,96,6.06,7.55,7,Yes,8,2,3
1,131,8.96,7.77,8,Yes,0,10,3
0,88,5.1,5.18,9,No,4,10,8
1,118,7.41,6.81,6,Yes,0,9,4
0,142,7.64,7.92,5,No,6,7,10
0,95,7.75,8.14,7,No,8,7,4
0,101,5.48,7.87,6,No,5,10,6
0,111,8.75,6.44,5,No,1,8,0
0,102,5.72,5.42,8,Yes,5,8,2
0,86,7.49,6.92,8,Yes,8,9,1
0,111,5.89,5.58,5,No,2,2,10
1,94,6.23,9.26,7,No,8,8,9
1,117,7.19,7.14,5,No,7,8,5
0,96,6.67,6.43,6,No,6,5,10
1,133,5.64,8.45,6,No,7,5,5
0,98,5.68,7.24,8,Yes,9,4,9
0,105,6.67,6.4,5,No,5,5,0
1,122,8.03,8.65,8,Yes,2,2,5
0,91,8.59,8.9,7,Yes,6,2,9
0,113,5.34,8.03,6,Yes,3,5,1
0,129,6.57,5.21,9,Yes,10,3,10
0,85,5.4,7.55,9,Yes,9,1,3
1,112,5.07,8.43,5,No,4,9,5
0,113,7.65,5.61,5,No,7,2,2
1,121,7.41,6.03,9,No,6,10,2
0,91,5.65,8.97,5,Yes,6,2,2
0,90,5.94,5.09,6,No,7,4,3
1,117,5.09,8.39,7,Yes,9,2,8
0,114,8.34,7.13,7,No,2,7,3
1,113,8.9,7.01,8,Yes,2,10,3
0,115,5.54,5.03,6,Yes,1,1,3
0,99,5.93,8.69,5,Yes,0,2,6
0,113,8.47,6.62,5,No,9,5,4
0,114,8.71,7.43,8,Yes,5,2,1
1,99,6.68,8.05,8,Yes,5,9,6
1,137,5.2,8.16,5,Yes,9,4,2
1,117,5.16,9.3,5,Yes,7,9,10
0,92,7.3,7.39,6,No,5,1,0
0,119,6.57,6.8,8,Yes,5,1,8
0,95,5.11,9.29,6,Yes,0,1,4
0,121,7.33,7.89,5,Yes,6,4,9
0,127,5.05,6.34,9,Yes,6,9,0
0,97,8.15,5.57,9,Yes,9,8,10
0,124,6.23,8.79,5,No,8,7,0
0,116,5.16,6.63,8,Yes,6,1,0
0,122,7.35,7.97,9,Yes,7,3,8
1,138,6.59,7.12,8,Yes,3,9,7
0,106,8.9,5.9,9,Yes,8,9,10
0,98,7.18,7.71,8,Yes,0,5,5
0,96,6.1,5.27,9,Yes,7,6,9
0,97,7.84,6.86,8,Yes,2,6,5
0,108,6.09,7.46,6,Yes,0,10,5
0,115,8.62,6.96,8,No,1,4,3
1,114,6.5,8.37,6,No,5,1,4
1,122,7.2,8.73,6,No,4,5,9
0,110,5.2,8.47,5,Yes,2,1,2
0,131,6.7,5.17,6,No,8,1,2
0,106,8.33,5.87,7,No,7,5,9
0,150,8.22,7.41,6,No,2,5,6
1,119,5.9,9.21,8,Yes,1,7,4
0,97,5.9,8.76,6,Yes,7,2,7
0,93,8.27,8.79,8,Yes,4,6,4
0,117,8.72,6.36,8,Yes,8,2,3
0,106,5.38,6.93,7,Yes,0,10,2
0,120,6.8,7.12,6,No,9,5,1
0,117,6.35,5.71,6,No,2,4,2
0,108,8.48,5.14,9,Yes,4,10,6
0,97,5.33,9.26,9,Yes,1,5,7
0,87,5.84,6.08,5,Yes,2,2,4
0,103,8.01,6.08,8,Yes,3,8,10
0,122,5.21,5.38,7,Yes,3,8,0
1,113,6.97,9.18,9,Yes,10,6,2
0,91,6.77,7.61,6,Yes,8,3,3
0,112,6.34,8.0,5,No,0,4,9
1,115,6.58,9.1,7,Yes,8,1,3
0,96,7.12,6.56,6,Yes,8,9,0
1,112,5.65,7.8,6,Yes,10,10,9
0,110,7.29,5.17,8,Yes,5,5,8
0,92,8.22,5.84,8,Yes,10,8,9
1,115,8.04,8.74,9,No,0,3,3
0,118,5.62,8.45,9,Yes,10,4,1
0,126,5.6,6.58,6,Yes,5,4,8
1,125,6.07,6.7,6,No,7,8,3
0,89,6.44,7.4,9,Yes,4,9,3
0,95,6.63,5.0,9,Yes,4,3,10
0,117,7.72,6.09,6,Yes,0,7,5
1,117,5.23,5.94,7,No,0,9,7
0,117,5.14,6.13,6,Yes,7,2,4
1,167,6.57,8.63,7,Yes,4,4,7
0,118,7.79,6.26,7,No,7,3,0
1,127,5.77,5.86,6,Yes,9,8,3
0,124,7.57,7.27,5,Yes,1,4,0
1,119,6.04,8.9,9,Yes,3,9,2
0,105,8.54,6.09,8,No,10,1,10
0,121,8.58,5.35,6,No,9,1,6
0,98,6.19,6.6,7,No,8,4,0
0,106,5.92,8.36,6,No,2,3,4
0,102,6.65,7.48,9,No,5,3,0
1,111,5.96,8.68,7,No,10,10,5
1,144,7.69,9.32,8,No,6,2,8
1,81,8.3,8.57,8,Yes,2,10,2
1,120,7.69,7.72,8,Yes,0,10,10
0,85,8.3,7.22,5,Yes,1,2,10
0,102,6.59,5.18,7,Yes,10,8,5
1,126,5.63,9.43,7,No,9,1,3
0,110,7.95,6.73,5,Yes,6,8,5
0,93,6.44,5.69,7,Yes,6,10,1
0,99,7.69,8.0,5,Yes,0,3,3
0,120,6.08,6.28,6,No,9,2,6
0,99,5.32,7.64,9,No,6,9,10
0,113,8.97,7.64,8,Yes,9,5,5
0,110,5.62,7.01,5,Yes,10,5,8
0,100,8.95,8.76,5,Yes,5,6,10
0,142,8.91,6.19,5,Yes,10,4,6
0,119,8.18,7.02,6,Yes,5,7,0
0,79,7.64,7.42,5,No,6,7,5
1,112,7.31,7.99,9,Yes,6,9,10
0,100,8.46,8.53,9,Yes,0,6,2
0,122,6.16,6.78,8,Yes,9,1,7
0,98,6.87,7.91,6,Yes,4,9,0
0,108,7.48,5.68,9,Yes,7,10,9
1,117,6.64,9.2,7,Yes,7,9,1
0,122,6.71,6.72,7,Yes,2,5,2
0,91,6.32,8.28,7,No,2,7,2
0,104,7.26,5.09,5,Yes,6,1,6
0,102,8.4,5.92,5,Yes,3,4,7
0,100,5.81,7.19,7,Yes,5,10,8
1,136,8.74,8.95,8,No,8,4,6
0,116,7.76,7.37,8,Yes,9,5,7
0,91,8.29,9.18,5,No,1,6,10
0,123,7.22,7.18,7,No,1,4,5
0,141,8.12,7.21,8,Yes,5,6,1
0,125,5.06,5.54,5,No,2,10,0
0,87,8.27,8.61,7,No,0,7,2
0,102,5.16,6.11,6,Yes,1,3,8
1,129,8.56,9.05,7,No,6,9,6
0,99,8.97,9.1,7,Yes,3,8,1
0,116,6.18,9.24,9,Yes,1,1,0
0,121,5.84,7.34,9,No,10,2,1
0,96,8.06,8.05,6,No,7,2,2
1,109,6.01,8.5,6,No,3,10,5
0,61,8.46,5.59,7,Yes,3,9,8
0,94,5.41,7.7,8,Yes,1,9,7
0,106,5.5,5.15,6,Yes,0,9,9
0,91,8.92,7.24,7,Yes,0,1,8
0,134,7.7,5.7,5,Yes,2,7,10
0,88,8.39,5.82,9,Yes,5,3,10
0,103,6.3,6.64,8,Yes,6,9,7
1,111,7.71,6.95,7,Yes,8,8,6
0,131,7.38,7.8,5,Yes,4,3,5
0,88,7.41,5.33,9,No,8,1,7
1,127,7.73,7.27,5,No,7,9,5
0,110,7.3,5.82,7,Yes,0,10,1
0,95,6.72,7.58,6,No,10,1,8
0,116,6.1,7.87,9,No,2,3,8
0,112,8.07,7.51,5,No,7,6,2
0,100,5.91,8.32,6,Yes,8,6,8
0,111,7.77,6.51,8,Yes,3,10,1
0,104,5.93,8.44,7,No,5,4,2
0,111,7.5,6.95,7,Yes,3,2,5
1,119,7.99,7.18,9,No,8,10,3
0,133,5.87,7.92,5,No,1,6,7
0,91,5.24,5.08,8,No,5,10,0
0,141,5.52,7.94,9,Yes,10,5,5
0,80,7.42,7.78,9,Yes,2,6,1
0,107,8.4,6.39,5,Yes,9,7,5
0,118,5.18,5.39,8,No,3,9,0
0,114,7.94,5.41,5,Yes,1,7,1
0,100,6.37,9.15,7,Yes,10,4,8
1,106,6.91,8.1,6,Yes,7,10,5
0,102,8.72,5.57,7,Yes,9,5,7
0,101,6.33,6.61,7,Yes,7,6,6
1,122,6.86,7.67,9,Yes,0,9,8
1,115,5.05,8.76,7,No,9,5,8
0,99,5.33,5.2,8,Yes,5,5,10
0,123,6.03,6.06,7,No,0,7,3
1,114,5.11,9.0,8,No,5,2,6
0,122,7.53,5.04,5,No,6,3,4
0,119,6.71,5.91,9,No,1,2,6
1,97,7.19,9.32,8,Yes,8,10,3
0,101,5.7,7.76,7,Yes,7,10,9
0,121,6.18,6.18,9,No,8,2,10
0,119,7.66,5.3,9,Yes,9,3,10
0,109,8.86,5.13,8,Yes,3,6,0
0,111,5.2,6.1,8,Yes,3,5,3
1,129,8.56,8.97,6,No,7,5,9
0,101,7.31,6.87,6,Yes,0,2,2
1,118,7.26,8.24,9,Yes,7,2,8
0,106,7.0,9.13,6,Yes,6,1,4
0,106,5.28,6.84,7,No,6,3,3
0,126,5.36,5.86,5,Yes,8,7,7
0,122,7.4,7.33,9,No,9,5,4
1,122,6.36,9.09,5,Yes,6,7,2
1,129,8.67,8.62,6,No,1,9,1
0,110,6.63,5.3,8,Yes,0,6,7
0,120,5.57,8.12,9,No,0,2,1
0,105,7.86,7.57,6,Yes,6,1,7
1,114,6.17,9.08,7,Yes,4,1,4
0,108,7.1,5.55,9,No,3,10,7
1,111,7.79,7.4,9,No,4,9,4
0,118,8.6,8.96,8,No,9,6,0
0,97,8.17,6.85,9,No,9,6,10
0,141,7.71,7.17,8,Yes,5,4,10
0,94,7.72,5.32,6,No,9,2,1
0,91,8.78,6.25,7,Yes,5,10,5
0,127,6.18,6.46,7,No,0,3,2
1,121,5.0,9.25,9,Yes,1,3,7
1,119,6.09,6.27,9,Yes,2,8,4
0,119,5.87,7.07,6,Yes,3,6,2
0,109,7.65,8.02,8,Yes,5,7,9
0,96,7.53,5.73,7,Yes,10,9,6
0,111,7.37,7.19,8,Yes,8,1,7
0,99,5.06,8.32,6,Yes,1,2,3
1,124,7.92,8.9,7,Yes,7,9,10
0,107,6.29,7.82,7,Yes,8,5,8
0,97,7.66,8.01,5,Yes,1,4,5
0,105,7.23,5.57,6,Yes,8,1,0
1,116,6.37,9.26,6,Yes,6,9,4
0,101,5.54,5.6,5,No,8,9,4
0,97,5.38,8.49,8,No,5,4,6
1,113,8.33,6.19,5,Yes,1,9,6
1,113,8.67,9.2,6,No,7,10,5
0,102,7.6,8.24,8,No,9,1,7
0,102,5.41,8.39,7,Yes,8,5,1
0,113,6.61,5.99,5,No,7,1,6
0,88,7.92,6.99,8,Yes,1,4,9
0,88,8.12,7.78,8,Yes,7,5,6
0,99,5.47,8.46,8,Yes,2,3,3
0,106,5.0,5.47,5,Yes,2,2,9
0,114,7.85,9.33,7,No,8,6,1
1,132,6.43,9.01,8,Yes,8,3,3
1,122,6.02,6.22,5,Yes,8,10,3
0,107,5.05,8.7,6,Yes,3,1,5
0,109,7.16,7.33,5,No,6,5,6
0,94,8.4,7.08,5,No,7,2,2
0,109,8.83,6.41,5,No,4,2,9
0,105,7.26,7.61,8,Yes,0,4,0
1,114,7.06,8.28,5,Yes,8,4,2
0,97,5.34,6.85,6,Yes,5,4,8
0,117,7.2,7.83,8,Yes,2,7,0
1,132,6.52,8.15,6,Yes,2,1,7
0,108,7.43,8.2,9,Yes,9,8,1
1,116,6.55,5.23,5,Yes,0,10,5
1,120,5.96,8.87,8,No,7,9,2
0,103,5.38,7.06,8,No,1,10,6
0,113,6.26,6.18,5,Yes,0,6,1
0,110,5.39,6.09,7,Yes,6,4,3
0,111,5.71,7.17,7,Yes,10,6,9
1,98,8.95,8.99,6,No,8,10,8
0,110,6.78,6.7,5,No,5,7,5
1,117,7.13,8.37,5,No,7,6,3
0,131,8.49,5.44,9,Yes,7,1,1
0,124,8.98,7.14,7,No,8,5,9
1,142,7.33,9.46,7,Yes,6,8,8
1,98,8.25,8.47,5,No,8,8,3
1,123,6.31,5.95,6,No,8,10,8
0,112,6.22,7.26,5,No,10,9,1
0,142,6.61,6.05,6,Yes,0,4,6
0,97,7.69,6.84,7,No,5,10,10
0,97,7.73,8.51,9,Yes,7,6,10
0,101,6.26,8.47,8,Yes,9,7,4
0,78,5.53,6.03,7,Yes,8,5,7
1,102,7.53,9.15,6,Yes,3,8,10
0,98,5.51,7.67,5,Yes,1,3,7
1,112,7.31,6.71,7,Yes,10,8,3
0,115,7.77,7.26,9,Yes,8,5,3
0,138,7.8,7.72,6,Yes,8,1,7
0,124,8.01,7.52,5,Yes,7,6,2
0,101,8.49,7.19,8,Yes,2,2,6
0,96,7.0,7.27,6,Yes,4,7,7
1,117,7.92,5.79,5,Yes,1,9,7
0,90,7.48,8.66,8,Yes,2,3,10
1,137,5.75,7.44,5,No,0,10,9
0,127,5.1,5.59,8,Yes,3,4,3
0,102,6.14,8.45,8,No,4,4,8
0,84,6.77,9.2,8,Yes,1,4,9
1,130,7.47,9.26,5,No,2,3,3
0,108,8.4,6.66,8,Yes,5,5,7
1,128,5.78,5.61,6,Yes,5,9,5
0,86,5.5,7.33,9,Yes,6,8,4
0,101,8.85,5.51,9,Yes,8,10,3
0,110,5.43,9.2,8,No,3,2,4
0,110,6.91,5.83,9,Yes,4,9,10
0,103,7.34,6.14,9,Yes,10,10,0
0,119,7.17,6.83,8,No,1,2,6
0,93,5.34,6.72,8,Yes,5,7,7
0,107,5.23,8.58,6,Yes,3,5,8
0,111,5.42,7.05,7,Yes,4,7,2
0,117,7.34,5.77,5,Yes,6,5,8
0,120,7.18,6.2,8,No,5,6,9
0,93,5.93,7.29,8,No,7,8,4
0,86,7.55,5.66,9,No,5,1,9
0,129,8.28,7.75,6,No,9,1,5
0,114,5.17,7.55,9,Yes,7,5,0
0,98,6.99,8.22,8,Yes,3,1,8
1,133,7.76,9.22,8,Yes,6,3,8
1,111,6.01,9.11,9,No,2,10,5
1,127,6.23,9.26,8,No,0,9,7
0,111,7.45,6.1,7,Yes,8,7,3
0,140,8.59,5.59,5,Yes,8,6,4
1,136,8.24,6.36,5,No,5,8,4
1,106,7.33,9.03,5,Yes,1,8,6
1,124,7.92,9.37,7,No,7,6,6
1,119,6.46,8.87,8,Yes,9,4,6
0,130,7.56,5.5,9,Yes,5,4,4
0,95,6.86,9.26,6,Yes,6,4,3
0,120,5.76,6.91,8,No,0,6,7
0,125,7.81,5.04,7,Yes,2,1,0
0,83,7.23,6.99,7,Yes,0,2,0
0,92,6.43,5.21,5,No,9,6,5
0,79,8.65,7.45,8,No,0,1,1
0,105,5.08,6.52,5,No,10,9,2
0,120,6.26,7.13,6,Yes,0,6,3
0,132,5.23,7.76,5,No,3,7,1
1,111,8.07,8.91,6,Yes,6,1,9
1,134,7.81,7.98,7,Yes,6,8,6
0,89,6.33,6.95,5,Yes,4,5,9
0,84,7.7,8.69,5,Yes,5,5,0
0,109,6.58,9.08,9,No,1,6,2
0,115,8.03,5.54,7,Yes,4,7,1
0,109,6.82,7.39,9,Yes,6,7,8
0,78,6.65,6.28,6,No,8,5,7
0,108,8.74,5.21,6,No,5,1,2
1,90,6.0,8.01,7,No,9,9,4
1,120,5.48,8.88,6,Yes,3,6,2
1,115,7.34,5.73,7,No,2,9,10
0,95,8.88,8.66,6,Yes,8,4,10
0,102,6.51,8.84,8,No,6,2,10
0,94,5.25,9.11,5,Yes,10,3,5
0,109,6.36,6.19,8,No,5,4,4
1,124,7.02,9.07,7,Yes,6,10,10
0,95,5.65,6.44,7,Yes,7,8,1
0,117,7.63,7.49,8,Yes,4,3,9
0,102,8.99,5.23,5,Yes,2,8,7
0,98,6.81,5.2,5,Yes,2,6,5
0,108,6.42,8.24,9,No,1,4,2
0,94,6.6,7.0,6,Yes,7,7,0
0,101,5.46,6.15,9,No,0,5,4
0,92,8.53,5.86,5,Yes,7,5,10
1,139,6.66,8.01,8,Yes,2,9,1
0,110,6.55,5.0,6,No,8,3,1
1,99,7.64,8.63,8,No,10,10,8
0,113,6.77,5.36,9,Yes,1,4,10
0,108,7.59,5.86,7,Yes,9,5,9
0,106,5.25,6.74,8,No,8,1,6
0,119,8.25,7.18,9,Yes,5,7,5
0,121,8.76,6.6,9,Yes,0,8,0
0,102,7.6,6.44,9,No,4,6,9
0,101,8.82,9.34,7,Yes,9,9,1
0,105,5.61,7.89,7,Yes,8,3,10
0,75,6.91,5.11,7,No,5,2,6
0,87,7.41,6.94,6,No,6,5,2
1,130,7.33,8.94,7,Yes,3,9,1
0,134,6.61,6.36,7,Yes,0,1,5
0,106,6.35,5.43,7,Yes,4,1,7
1,118,5.51,8.41,8,No,1,10,7
0,114,6.57,7.73,7,No,7,3,10
0,156,5.65,7.57,6,Yes,3,10,1
0,126,7.94,5.24,9,Yes,0,3,5
0,108,5.84,5.63,8,Yes,9,5,4
0,95,5.23,7.8,5,Yes,6,4,6
0,85,7.21,5.94,7,No,10,6,3
0,113,7.38,7.27,9,Yes,1,8,1
0,98,8.49,7.45,9,Yes,2,8,9
0,88,7.31,6.28,8,Yes,8,4,2
0,100,6.38,9.27,5,Yes,8,1,8
0,93,8.21,8.79,6,Yes,1,7,9
1,135,7.16,8.25,9,Yes,2,6,7
0,123,5.32,5.35,9,No,10,5,8
0,109,7.26,5.48,9,No,8,4,4
0,132,8.63,7.22,9,No,0,6,4
1,111,6.59,5.72,8,Yes,1,8,6
0,97,6.19,9.4,5,No,10,6,6
0,132,5.57,5.71,9,No,1,3,0
1,118,5.61,7.19,6,Yes,9,9,4
0,94,6.73,6.64,6,Yes,2,3,7
0,107,7.38,7.88,7,Yes,9,4,6
0,96,5.32,5.58,9,Yes,2,5,10
0,89,8.76,6.94,9,No,9,2,1
1,123,8.02,6.24,9,Yes,1,10,7
1,138,7.35,8.99,9,Yes,7,10,1
0,89,8.31,5.18,9,Yes,7,2,9
0,118,5.32,9.11,6,Yes,7,6,0
0,100,6.91,8.75,5,Yes,1,2,10
0,102,7.52,6.34,5,Yes,8,10,10
0,101,8.31,8.55,7,Yes,10,1,10
0,97,8.13,5.14,6,No,6,8,2
1,110,6.11,9.35,9,No,4,10,2
0,97,8.76,7.37,5,No,6,10,5
0,114,5.5,6.36,8,No,7,1,2
0,109,8.5,6.63,8,No,8,10,6
0,106,8.88,5.3,8,No,1,6,7
0,96,5.71,9.45,9,No,5,1,2
0,101,7.89,5.18,9,No,8,8,8
0,121,5.16,7.95,7,Yes,5,5,0
0,117,6.62,6.99,7,Yes,1,3,2
0,95,7.07,9.27,7,No,0,5,2
0,111,7.32,6.11,8,Yes,2,1,6
0,121,8.74,7.39,9,Yes,10,1,10
0,84,7.69,7.17,8,Yes,4,4,10
1,118,6.93,8.16,7,Yes,6,9,4
0,100,8.24,5.31,9,No,9,9,3
0,118,8.8,5.87,6,Yes,9,1,1
0,98,5.09,5.97,5,Yes,2,3,6
0,82,8.93,8.32,5,Yes,8,4,2
0,85,5.34,5.85,7,No,9,2,6
0,110,8.26,7.58,8,Yes,3,7,9
0,113,6.12,5.97,6,No,9,3,6
0,96,5.53,8.88,9,No,1,1,10
0,119,6.76,9.24,8,Yes,2,1,1
0,85,7.58,7.33,7,Yes,4,3,6
0,109,6.52,6.59,8,Yes,2,6,5
0,91,5.22,6.05,7,No,4,4,9
0,100,7.4,5.22,5,No,3,1,3
0,110,8.61,6.21,5,Yes,10,7,10
0,97,6.53,7.94,8,Yes,9,2,4
0,104,5.87,7.4,6,Yes,2,5,7
1,125,6.77,9.25,9,No,5,8,4
0,101,5.19,6.78,7,Yes,7,7,2
1,122,8.28,8.12,9,Yes,3,8,1
0,93,8.31,7.2,5,Yes,8,10,5
0,117,7.35,7.31,6,No,5,6,5
0,131,6.41,6.2,6,No,4,7,6
0,72,8.2,7.05,9,Yes,2,9,7
0,98,7.22,7.12,5,No,4,6,3
1,118,8.3,8.18,9,Yes,4,9,7
0,106,7.53,9.23,8,No,3,2,0
0,115,8.14,6.48,6,Yes,5,2,5
0,100,7.39,5.19,6,No,2,2,5
0,111,6.66,7.23,8,Yes,9,6,2
0,107,8.83,7.45,5,Yes,0,2,8
0,127,7.16,5.76,6,No,6,3,4
1,113,7.42,8.42,7,Yes,6,8,0
1,115,5.88,9.43,7,Yes,3,8,6
0,103,7.5,9.26,5,Yes,8,4,9
0,102,7.29,5.89,8,Yes,1,9,2
1,103,5.74,8.94,9,Yes,0,8,9
1,115,5.24,8.17,5,Yes,2,1,9
0,103,7.42,7.04,9,No,6,8,10
0,114,8.05,7.43,5,No,8,1,3
1,141,7.09,8.82,7,Yes,1,4,5
1,123,5.91,7.16,8,Yes,5,10,7
0,105,7.67,6.68,7,No,2,6,3
0,128,5.32,7.22,8,Yes,4,7,8
0,103,6.77,7.61,9,Yes,8,10,7
0,79,5.65,5.85,5,No,2,4,9
1,94,5.74,9.05,6,No,0,8,9
1,81,5.81,8.03,6,Yes,4,8,5
0,104,6.55,7.85,8,Yes,0,9,6
0,110,5.2,5.45,8,Yes,7,6,7
0,135,6.59,7.72,7,No,6,4,1
0,114,7.05,5.54,6,Yes,10,2,4
0,106,6.93,5.35,7,No,1,7,6
1,122,6.53,7.37,9,Yes,10,10,7
0,76,8.36,6.81,6,Yes,8,3,4
0,113,5.58,7.65,9,Yes,4,3,2
0,121,7.02,5.4,5,No,6,3,5
0,87,5.25,6.94,7,Yes,3,4,4
0,127,5.28,5.79,8,Yes,0,2,7
1,115,7.3,9.44,6,No,7,5,8
0,103,7.26,7.53,7,No,0,3,8
1,119,8.51,8.09,8,Yes,2,10,5
0,144,7.23,6.46,5,Yes,5,5,3
0,112,8.84,5.43,6,No,7,7,3
1,113,5.19,9.39,9,No,7,9,8
0,103,5.39,6.29,5,Yes,1,2,3
0,97,5.18,6.91,8,No,8,9,7
1,122,5.74,7.92,6,Yes,3,10,8
0,97,7.17,5.11,6,No,3,6,4
1,111,7.58,8.65,5,Yes,1,6,5
0,102,5.18,7.41,6,Yes,0,3,2
1,117,8.78,6.25,8,Yes,9,10,4
1,115,8.37,5.28,5,No,6,9,4
0,125,6.19,5.73,9,No,10,4,1
0,102,5.31,9.03,5,Yes,9,5,9
0,105,5.68,8.09,5,Yes,2,3,5
0,95,5.51,6.12,9,Yes,3,5,8
0,103,5.49,5.3,8,No,10,8,10
1,115,7.07,8.11,7,No,8,8,6
1,121,5.98,7.58,7,No,5,8,7
0,96,6.43,6.82,9,Yes,0,6,1
0,123,8.96,6.64,8,No,8,1,10
1,130,7.74,5.98,6,Yes,8,10,8
1,116,8.8,8.01,9,Yes,4,6,2
1,138,5.57,9.37,7,Yes,7,10,9
0,98,6.53,5.79,8,Yes,6,7,4
0,91,7.22,7.69,5,No,10,9,6
0,83,5.31,6.91,8,No,7,8,3
1,132,5.02,7.01,8,Yes,8,8,6
0,119,7.68,6.14,7,Yes,1,7,7
0,109,7.57,8.71,7,Yes,9,2,9
0,114,6.64,7.18,6,Yes,4,1,9
0,93,6.96,7.45,6,Yes,7,2,3
0,146,6.66,6.37,9,Yes,2,6,4
0,111,5.1,5.82,5,No,10,2,10
1,111,6.34,5.39,6,No,10,10,2
1,120,5.71,8.21,7,No,5,4,4
1,117,5.39,5.88,8,No,5,10,7
1,113,8.83,8.11,9,No,6,3,2
0,98,7.4,6.76,6,Yes,10,6,4
1,117,7.91,6.87,8,No,2,8,9
0,138,6.26,7.11,8,Yes,7,6,0
0,130,6.57,6.65,6,No,7,2,1
0,133,5.95,5.45,5,Yes,8,5,2
0,102,5.39,6.39,5,No,7,6,0
0,95,5.72,7.99,9,Yes,2,9,10
0,108,8.19,8.0,5,Yes,5,6,10
0,110,7.71,6.29,9,Yes,8,10,8
0,126,7.19,7.07,7,Yes,0,5,8
0,84,6.9,5.87,6,No,2,1,4
1,132,8.69,5.95,8,Yes,1,10,3
0,107,5.29,5.1,9,Yes,7,5,4
0,103,6.12,9.04,5,No,5,5,3
0,94,6.4,5.95,9,No,9,6,4
0,85,8.13,6.02,9,Yes,10,7,6
0,122,8.97,6.26,5,Yes,10,4,10
0,111,5.96,5.57,5,Yes,7,7,7
0,90,8.5,7.88,6,No,1,5,1
0,90,8.32,5.34,8,No,10,6,3
0,104,5.9,5.6,6,No,5,4,7
1,135,6.6,7.9,6,Yes,6,8,6
0,106,6.64,6.53,5,Yes,7,9,8
0,87,8.91,8.19,5,Yes,8,2,4
0,106,5.72,7.51,8,No,4,4,5
0,105,8.2,6.15,9,Yes,10,8,10
0,69,6.34,7.93,6,Yes,2,8,7
0,109,7.92,5.52,8,Yes,1,9,10
0,106,6.68,7.41,6,Yes,7,3,4
0,120,7.31,6.97,9,No,0,1,8
1,137,8.33,6.21,6,Yes,9,9,3
0,126,8.22,7.72,7,Yes,5,1,7
0,105,8.47,8.92,8,Yes,1,3,2
0,93,5.24,9.5,5,No,2,3,4
1,148,7.77,7.73,6,Yes,7,9,7
0,110,5.56,6.82,8,Yes,0,1,9
0,110,6.66,6.01,8,Yes,5,7,6
0,109,7.19,6.16,6,Yes,2,2,0
0,112,6.61,7.16,5,No,5,7,3
0,107,7.08,6.65,5,Yes,2,1,1
0,101,8.99,9.11,6,No,10,10,1
0,101,5.54,6.66,8,Yes,10,10,6
0,109,7.7,6.68,5,No,7,8,2
0,101,6.58,6.73,6,No,4,10,2
1,99,5.53,8.76,6,Yes,3,10,5
0,111,5.63,7.93,6,No,8,2,5
0,106,8.8,7.76,8,Yes,4,3,0
0,132,8.52,6.5,5,Yes,3,8,0
0,70,8.63,8.68,8,Yes,7,3,10
0,126,8.97,5.17,7,Yes,7,1,5
1,128,5.83,8.92,5,No,7,9,6
0,78,6.42,7.31,8,Yes,3,8,8
0,104,7.68,6.79,5,No,0,4,3
0,104,6.94,7.24,7,Yes,1,8,9
0,88,6.67,8.0,9,Yes,3,5,5
0,98,6.43,5.06,6,No,9,3,2
0,93,7.38,8.92,8,No,1,1,10
1,136,7.3,7.01,7,No,10,10,3
0,124,5.65,6.54,7,No,9,5,8
0,129,6.89,5.62,5,No,2,6,0
0,120,7.21,6.98,5,Yes,8,4,4
0,93,7.28,7.23,6,No,8,7,10
0,102,5.84,6.82,5,Yes,10,3,6
1,117,7.97,8.05,8,Yes,8,7,2
0,91,5.1,6.89,8,Yes,6,1,1
1,120,6.42,9.33,8,Yes,3,7,10
0,106,8.12,7.7,9,Yes,0,1,1
0,104,7.26,8.63,8,No,2,1,0
0,120,6.04,5.49,5,No,7,2,4
0,116,7.78,6.79,5,Yes,3,2,2
0,104,7.27,6.52,8,Yes,9,4,10
0,127,8.18,7.56,7,Yes,9,1,6
0,93,7.94,8.88,7,Yes,1,4,0
0,119,7.44,5.35,7,No,7,2,8
0,118,6.95,5.33,6,Yes,6,4,1
0,105,5.53,8.83,9,Yes,10,4,7
1,114,6.05,5.96,8,No,9,9,9
1,91,6.68,8.01,6,No,8,9,3
0,123,7.4,7.44,7,No,1,1,5
0,107,7.05,8.75,8,No,4,5,8
0,102,6.15,5.56,6,Yes,5,7,6
0,125,5.03,5.58,5,Yes,1,4,7
0,99,6.98,7.51,7,No,1,5,6
0,88,6.14,9.26,6,No,9,2,1
0,86,7.94,6.87,5,Yes,3,3,8
0,119,5.1,6.47,7,Yes,7,7,0
0,90,7.34,7.73,9,No,10,10,1
1,136,8.77,9.19,7,Yes,4,7,2
0,78,5.7,8.77,9,Yes,8,4,2
1,135,6.89,9.48,9,Yes,3,1,9
0,113,5.37,5.1,9,Yes,2,1,3
0,108,7.5,5.51,8,Yes,9,4,4
0,101,7.2,7.74,8,Yes,7,4,5
0,115,6.63,8.69,9,No,0,6,0
0,109,7.09,6.28,5,Yes,8,7,7
1,126,8.59,6.08,9,Yes,3,9,5
1,111,5.79,8.54,6,Yes,10,9,9
1,112,5.09,5.25,9,No,8,10,8
0,104,8.45,6.66,8,Yes,7,5,4
0,109,7.31,7.28,8,Yes,2,10,6
0,114,8.56,7.52,6,No,2,3,10
0,84,7.39,8.28,6,Yes,8,3,3
0,89,8.24,6.6,7,Yes,2,6,5
0,121,6.72,7.76,5,Yes,3,1,5
0,112,8.0,7.63,5,No,8,7,3
0,107,8.65,7.46,5,No,3,3,5
0,110,7.29,7.88,8,No,10,5,7
0,115,5.72,6.17,5,Yes,2,7,10
0,101,6.08,5.38,7,No,6,7,4
0,98,5.79,5.54,7,Yes,5,9,1
0,112,5.99,6.01,5,No,0,1,8
0,95,6.23,7.25,6,No,9,3,10
1,116,7.22,8.78,7,Yes,7,9,3
1,84,7.35,8.16,6,No,0,8,3
1,125,6.71,8.55,8,Yes,3,2,10
1,117,7.46,6.58,7,Yes,5,8,6
1,113,5.33,6.82,6,No,5,8,9
0,124,5.35,6.77,5,Yes,6,2,9
1,134,5.69,5.86,8,Yes,10,8,5
0,125,7.07,5.28,9,Yes,4,3,3
0,82,5.86,7.66,9,No,4,7,5
1,90,6.13,9.45,5,Yes,3,9,2
0,100,6.6,5.75,8,Yes,5,4,6
0,110,8.25,5.21,8,No,6,6,5
1,117,5.06,8.51,8,Yes,9,9,2
0,99,7.6,6.14,8,Yes,9,5,0
1,112,7.68,8.73,9,No,0,1,9
0,98,8.19,8.17,6,Yes,8,3,4
1,100,8.73,9.26,8,No,7,9,9
0,88,5.08,6.84,6,Yes,6,3,1
0,96,5.62,7.98,8,No,8,10,6
0,89,8.54,7.09,7,No,2,2,6
0,95,6.83,7.84,7,Yes,9,4,3
0,125,7.26,7.02,7,Yes,3,5,5
0,95,7.65,5.85,8,No,6,7,0
0,149,7.72,7.29,6,Yes,5,7,1
1,117,8.73,7.38,9,Yes,1,9,5
1,112,8.99,8.65,5,No,1,8,1
0,97,7.88,8.31,9,No,9,2,10
1,120,6.15,7.99,8,No,6,8,3
0,101,8.52,5.51,7,Yes,8,8,3
1,111,5.2,8.24,7,Yes,10,5,9
0,148,5.92,7.25,6,No,8,3,8
1,108,8.59,9.02,8,No,6,9,9
1,127,6.02,9.14,9,No,10,7,6
0,99,5.88,5.25,8,No,7,1,6
1,109,5.55,8.69,8,No,9,8,10
0,136,8.44,5.17,7,Yes,2,10,0
0,100,7.0,6.65,9,No,0,5,10
0,137,7.7,7.44,5,Yes,6,6,4
1,120,5.96,5.67,7,Yes,7,9,2
1,101,8.03,8.36,9,Yes,1,10,2
1,119,8.04,5.04,6,No,8,8,5
0,124,6.25,5.76,7,No,3,3,3
0,119,6.64,7.61,6,Yes,9,5,7
0,86,5.84,8.21,7,Yes,10,4,3
0,99,8.91,9.12,8,Yes,8,1,7
0,106,7.58,8.17,9,No,2,5,3
1,108,8.74,8.02,6,No,7,10,2
0,119,6.21,6.77,7,Yes,10,7,4
0,112,8.13,5.01,6,No,1,1,4
0,89,8.06,5.54,7,Yes,2,4,9
0,115,7.77,7.41,7,Yes,0,6,9
1,119,8.86,8.04,5,Yes,4,9,0
1,118,6.57,6.88,5,No,3,8,7
1,126,5.52,8.29,5,Yes,0,2,7
0,122,7.69,7.35,6,No,9,3,7
1,116,7.92,5.33,8,Yes,8,10,9
0,108,7.3,5.86,7,Yes,5,5,3
0,85,5.83,8.78,9,Yes,5,7,8
1,116,7.02,8.26,5,Yes,10,3,9
1,113,6.25,9.03,6,Yes,1,7,2
0,114,6.71,5.53,6,No,6,5,6
1,90,7.58,9.46,6,Yes,8,10,5
0,93,7.98,5.94,9,No,5,6,8
0,125,5.93,5.05,9,Yes,10,6,3
0,109,6.62,9.49,5,Yes,7,4,3
1,120,6.08,6.26,9,Yes,4,8,5
1,110,5.79,8.01,5,No,1,9,7
0,110,8.13,5.8,9,Yes,3,2,2
1,124,8.64,7.61,9,Yes,0,9,10
0,102,6.48,9.07,9,No,0,4,7
0,111,8.01,6.44,5,Yes,5,6,7
0,103,8.59,8.02,7,No,1,7,6
0,103,8.38,5.85,5,Yes,5,4,6
0,105,5.73,7.81,7,No,0,8,4
0,113,8.83,6.51,6,Yes,10,10,1
0,102,6.51,5.95,6,No,9,8,1
0,128,6.36,6.41,5,Yes,2,1,9
0,96,5.25,5.8,7,Yes,8,8,7
1,107,6.94,9.06,7,Yes,1,10,10
0,103,5.44,6.79,7,Yes,7,3,5
0,131,5.99,6.1,6,No,5,5,7
1,112,6.27,7.02,5,Yes,5,10,2
0,125,8.24,6.44,8,Yes,6,8,0
0,87,8.5,8.35,7,Yes,4,6,5
0,114,6.21,9.37,7,Yes,10,4,1
0,123,8.43,6.97,8,Yes,3,4,8
1,111,8.43,8.87,5,Yes,5,4,4
0,125,8.06,7.55,7,No,7,6,4
0,102,5.59,5.71,5,No,3,7,9
1,131,7.76,8.11,7,Yes,4,5,7
1,144,8.78,7.31,9,No,6,10,5
0,104,7.73,7.93,7,Yes,5,8,2
0,103,6.33,9.0,9,Yes,3,7,8
1,131,7.0,6.98,5,Yes,3,8,9
1,133,7.58,9.06,7,Yes,9,4,3
1,102,7.04,8.38,6,Yes,3,8,9
0,103,5.48,7.2,6,No,0,6,3
0,105,6.25,7.71,8,No,4,3,1
0,89,8.21,6.47,6,Yes,7,8,2
0,96,8.45,9.43,9,Yes,6,7,3
0,94,5.55,8.0,6,No,4,10,6
0,98,8.81,5.2,6,Yes,2,5,2
0,109,6.32,6.47,6,No,10,4,7
0,113,7.65,7.8,7,Yes,0,1,7
1,133,8.01,5.25,8,Yes,6,10,9
0,95,8.25,5.11,5,Yes,10,3,10
0,124,8.78,7.03,8,No,2,2,1
0,106,6.25,6.5,9,No,3,8,3
0,109,8.43,6.97,7,Yes,4,8,7
0,120,5.53,6.18,7,No,7,5,0
0,93,7.82,5.74,6,Yes,6,5,0
1,115,7.97,8.1,6,Yes,8,4,3
0,112,7.71,7.32,9,No,10,1,10
0,117,6.01,5.9,7,Yes,2,1,1
0,114,8.49,6.44,5,Yes,10,6,0
0,146,5.68,7.66,8,Yes,9,4,7
0,100,5.21,5.33,7,No,0,4,1
0,102,7.87,5.66,5,No,0,3,3
0,100,6.9,5.33,5,No,9,9,2
0,101,8.4,8.66,8,Yes,0,3,1
1,100,6.53,8.39,5,No,1,8,7
1,127,5.67,8.39,9,Yes,1,2,2
1,131,8.35,8.22,5,No,6,4,8
0,101,7.2,8.01,9,Yes,8,1,9
0,97,5.76,7.15,5,Yes,7,5,4
0,117,7.88,7.89,6,Yes,3,2,8
0,101,7.04,5.17,5,No,1,1,2
0,119,7.42,7.8,9,No,2,1,4
1,113,6.84,8.5,5,Yes,9,2,9
0,87,8.31,7.25,5,Yes,4,5,5
1,133,8.32,6.61,5,No,8,9,8
0,136,7.84,6.25,9,Yes,7,6,7
0,100,5.42,7.89,5,No,2,4,1
0,104,8.36,8.12,8,No,8,3,1
1,114,7.68,8.92,8,Yes,9,8,4
0,115,7.79,6.54,9,Yes,2,3,4
1,119,6.45,8.46,6,Yes,9,1,4
0,140,8.52,7.53,8,Yes,7,4,3
0,107,7.9,8.97,7,Yes,0,5,7
0,98,5.45,7.38,8,No,3,5,10
0,89,6.63,7.33,7,Yes,3,5,4
0,99,8.55,7.6,9,Yes,5,8,0
1,109,5.19,8.37,6,No,1,8,9
1,136,8.85,9.34,7,No,6,4,4
0,102,7.72,5.33,7,No,4,9,0
0,113,7.53,5.24,8,Yes,9,1,3
0,109,6.08,9.22,7,No,5,5,0
0,127,6.0,7.38,9,No,10,5,5
0,147,8.77,7.77,9,Yes,5,5,5
0,102,6.19,7.17,9,Yes,10,8,0
0,102,8.1,5.42,8,Yes,5,9,7
1,125,6.57,8.46,6,No,9,3,3
1,120,5.56,8.36,8,Yes,7,9,1
0,137,5.04,6.4,9,No,9,8,0
0,118,7.18,6.38,8,No,3,3,10
0,104,8.9,8.77,9,Yes,9,2,2
0,118,6.48,5.33,5,Yes,7,4,6
1,126,6.43,8.96,5,Yes,8,2,9
0,122,6.38,6.15,7,Yes,3,4,10
0,117,7.08,7.67,6,No,0,5,9
1,126,6.76,9.21,5,No,2,2,7
1,127,8.52,8.05,9,Yes,0,8,4
0,130,7.02,6.86,8,No,6,1,6
0,119,7.03,8.1,8,Yes,0,3,1
0,107,5.55,6.55,7,Yes,10,7,3
1,112,8.93,6.25,8,Yes,3,10,5
1,128,6.0,9.49,5,Yes,0,1,4
0,97,5.29,8.38,8,No,1,2,5
0,115,7.65,7.9,5,No,10,3,1
0,104,7.38,6.6,5,Yes,0,2,6
0,110,6.66,5.22,6,Yes,4,2,7
0,129,6.69,5.14,7,Yes,6,6,10
0,112,8.14,7.49,9,Yes,2,7,8
0,110,5.78,8.43,5,No,7,6,5
0,89,8.28,7.42,7,No,4,6,6
1,121,7.59,8.78,9,No,4,9,0
1,119,6.68,5.15,8,Yes,4,8,8
1,142,6.83,6.65,7,Yes,7,8,5
0,105,6.03,6.07,7,Yes,1,6,3
0,113,8.01,7.01,7,Yes,1,5,9
1,113,7.05,5.33,8,Yes,7,9,8
0,133,6.28,9.29,8,Yes,8,2,0
0,108,7.38,6.0,7,Yes,10,7,1
1,114,8.98,9.15,6,No,9,6,2
0,119,6.74,6.92,5,No,9,7,0
0,112,8.68,9.43,8,Yes,1,4,1
0,103,6.38,7.49,6,No,3,9,1
1,112,5.22,9.19,8,Yes,7,7,6
0,126,5.82,5.02,7,Yes,1,2,9
0,94,6.67,8.37,6,No,3,4,5
1,111,5.88,9.06,9,Yes,9,5,8
0,99,5.0,5.63,5,No,0,2,4
1,127,8.66,5.43,5,Yes,1,10,8
0,87,8.38,6.91,8,Yes,6,8,9
0,101,7.97,9.2,5,Yes,0,1,8
0,115,5.67,7.44,9,No,0,3,1
0,133,5.48,7.37,6,No,1,1,8
0,109,5.27,5.64,6,No,3,5,2
0,101,7.9,5.0,7,No,6,8,10
1,138,8.72,8.65,6,Yes,3,7,2
0,88,6.72,5.39,8,Yes,4,9,10
0,77,5.48,7.85,9,No,3,2,8
1,116,7.05,9.12,7,Yes,3,8,6
0,102,6.4,5.94,8,No,8,8,10
0,94,6.5,7.99,8,Yes,5,6,7
0,120,7.49,5.35,8,Yes,2,3,6
0,113,7.87,7.72,5,Yes,5,2,8
0,101,5.44,5.74,8,No,6,8,7
0,90,5.14,8.31,5,No,6,6,3
0,123,8.98,6.36,6,Yes,7,4,1
0,119,5.93,7.09,5,Yes,3,5,10
0,108,5.22,7.7,8,Yes,0,5,4
0,137,5.76,5.77,9,Yes,5,9,1
1,93,5.16,8.34,9,No,7,9,3
0,87,6.57,6.36,6,Yes,4,8,1
0,99,8.21,7.98,8,Yes,2,8,4
0,109,6.36,5.71,5,Yes,3,2,5
1,113,6.78,8.1,9,Yes,7,3,10
0,106,7.7,5.58,7,No,5,8,0
0,115,7.04,6.91,8,Yes,4,5,7
0,91,8.45,6.11,8,Yes,8,7,1
1,131,8.46,8.37,7,No,9,8,4
0,108,5.04,6.18,9,Yes,2,6,10
1,126,8.11,8.97,7,No,6,5,7
1,115,6.84,9.01,6,Yes,8,8,4
0,116,8.96,5.88,5,Yes,10,1,2
0,118,6.93,7.76,5,Yes,10,1,5
0,116,8.95,5.39,9,Yes,3,1,0
0,119,8.02,6.76,7,Yes,9,3,0
1,129,5.99,8.21,8,Yes,9,10,7
0,112,7.15,7.97,8,Yes,2,6,6
0,120,8.97,7.81,8,Yes,0,6,9
0,108,8.43,6.27,6,No,8,5,9
0,131,5.39,6.7,6,No,0,7,10
0,99,7.83,5.46,8,Yes,1,5,10
1,137,6.38,8.24,9,Yes,8,2,2
0,109,5.03,7.27,6,No,4,4,7
0,88,6.61,8.19,6,No,3,1,10
0,111,5.94,6.12,5,Yes,8,7,7
0,99,8.28,6.46,5,Yes,8,4,0
0,122,6.35,6.5,9,Yes,1,4,9
0,100,8.31,5.12,6,Yes,2,4,6
0,103,5.0,6.53,6,No,2,3,1
0,81,6.23,8.61,7,No,4,8,1
0,103,5.96,9.04,9,No,2,4,1
0,73,5.93,7.33,9,Yes,9,8,4
0,86,5.27,7.05,7,Yes,5,9,6
0,121,5.75,5.14,7,No,1,1,3
1,121,7.22,8.96,5,Yes,5,4,10
0,116,6.17,5.06,9,Yes,5,6,3
1,95,6.67,9.25,9,Yes,1,8,8
0,109,6.51,7.2,7,Yes,5,6,9
0,109,8.5,6.54,8,Yes,5,6,8
1,92,8.62,9.16,8,Yes,5,10,6
0,132,6.97,5.11,5,No,4,4,9
1,123,6.32,7.62,8,No,6,9,3
0,106,5.43,7.47,8,Yes,4,7,7
0,110,8.81,5.99,8,No,10,6,9
0,113,5.24,6.93,6,Yes,0,1,2
0,79,6.19,7.94,5,Yes,8,2,2
0,106,6.19,8.27,7,No,2,6,6
0,99,6.28,5.0,8,Yes,1,1,10
0,94,5.66,9.22,6,Yes,9,5,8
0,105,8.13,5.74,8,No,5,1,10
0,136,5.49,6.05,6,No,7,3,3
0,119,7.54,6.19,5,Yes,1,7,3
0,101,5.5,5.17,8,Yes,3,5,0
0,118,5.28,5.55,6,Yes,1,10,0
1,130,8.64,9.44,9,Yes,8,1,2
0,123,5.76,6.42,9,Yes,9,1,6
0,110,8.29,5.52,6,Yes,1,8,8
0,100,7.18,5.48,8,No,9,9,3
0,120,5.31,8.24,8,Yes,1,7,1
1,115,8.82,8.85,5,Yes,4,3,5
0,123,5.99,6.16,5,Yes,4,6,5
0,119,8.44,5.09,7,Yes,6,3,8
1,125,5.68,6.0,5,No,0,10,3
0,101,8.42,5.25,8,Yes,1,4,7
0,129,5.05,5.47,7,No,10,4,2
0,112,7.05,6.94,5,No,10,3,1
1,141,8.08,6.03,6,No,5,10,8
0,99,8.74,7.32,9,Yes,1,6,5
0,136,8.64,6.14,5,No,3,5,10
1,112,8.28,9.23,5,Yes,9,9,7
1,100,8.55,9.08,6,Yes,5,9,10
0,102,5.8,7.55,8,Yes,6,3,9
0,105,6.14,6.59,6,Yes,9,9,8
0,116,6.16,6.72,5,Yes,4,3,0
0,117,6.51,6.85,8,Yes,7,4,0
0,101,6.57,8.27,7,Yes,5,1,10
0,109,7.18,7.03,5,No,4,5,4
1,142,5.64,8.86,6,Yes,3,9,8
1,135,7.76,9.25,7,Yes,5,2,6
0,116,5.67,6.51,9,No,5,4,6
0,110,6.24,7.52,7,Yes,5,10,1
0,111,7.01,5.43,6,No,0,2,2
1,119,8.19,5.9,7,No,5,8,3
0,94,7.96,6.86,6,Yes,0,9,1
0,106,7.58,5.93,5,Yes,4,3,9
1,84,5.62,8.94,8,No,6,9,8
0,115,7.19,5.71,9,No,0,6,4
0,119,5.35,7.05,8,No,0,6,6
0,102,6.51,7.73,8,Yes,5,7,10
1,133,6.65,8.11,8,No,6,5,8
0,91,5.16,6.72,6,Yes,5,6,4
0,88,6.1,8.91,6,Yes,4,1,5
0,113,8.82,7.56,9,Yes,5,3,3
1,125,8.81,6.98,6,Yes,2,9,7
0,135,6.41,5.3,6,No,8,5,0
0,103,5.17,7.09,6,No,4,5,0
1,126,5.72,8.69,6,No,1,8,4
0,109,6.57,7.77,5,Yes,9,2,9
0,107,8.79,8.74,9,Yes,9,7,8
0,123,5.56,7.22,6,No,6,9,1
0,119,8.05,5.53,9,Yes,2,7,10
0,86,5.43,5.06,7,No,0,5,2
0,132,8.93,6.36,5,No,2,6,7
1,130,6.53,8.14,6,No,8,4,4
0,100,8.1,8.56,5,Yes,4,7,2
0,115,6.37,6.33,5,No,6,1,5
0,117,7.51,7.23,7,No,2,4,5
0,113,5.77,6.9,9,Yes,3,3,4
0,101,5.58,6.85,5,No,0,4,4
0,99,8.75,6.04,8,Yes,2,1,5
0,109,8.67,5.61,7,Yes,6,2,1
1,127,8.55,5.89,8,No,3,9,5
0,118,7.5,5.25,7,No,1,7,1
0,104,8.23,5.89,8,No,4,6,2
0,121,5.28,5.04,8,Yes,4,2,1
0,67,6.34,7.82,5,Yes,1,1,0
0,127,6.25,6.42,5,No,10,2,0
0,83,7.54,9.38,7,Yes,5,7,8
0,104,6.42,5.87,9,Yes,9,2,3
0,93,5.59,6.56,5,Yes,3,3,4
0,90,7.39,6.61,5,Yes,0,8,9
0,127,8.26,5.04,6,No,2,7,6
0,102,6.53,8.78,5,No,8,9,1
0,115,5.53,5.14,9,Yes,9,4,10
0,109,5.79,9.23,6,Yes,6,7,9
1,117,5.95,9.01,8,Yes,5,1,8
0,111,6.2,7.41,8,Yes,0,2,3
0,90,7.57,7.45,6,Yes,8,7,9
0,124,7.4,7.94,6,Yes,8,2,9
0,102,7.78,6.74,6,No,0,6,0
0,86,6.45,7.91,7,No,5,10,7
0,103,8.3,5.2,9,Yes,6,9,3
0,132,5.82,5.24,9,No,1,5,6
1,122,6.88,7.06,8,No,9,10,2
0,104,8.2,7.47,8,Yes,7,7,10
0,104,5.72,9.0,8,Yes,7,1,8
0,105,5.44,5.47,5,Yes,5,8,4
1,141,8.53,8.7,8,Yes,8,9,4
0,115,6.37,5.95,6,No,2,5,2
0,116,7.74,6.77,8,No,1,6,10
1,125,5.1,6.42,6,Yes,1,8,8
0,113,7.76,6.8,7,No,5,4,2
0,106,6.26,5.68,5,No,6,2,1
0,107,5.22,7.27,5,Yes,5,10,10
1,108,7.44,8.61,9,Yes,10,8,8
0,109,5.96,6.99,7,No,2,2,8
0,120,6.55,7.21,6,No,4,5,9
0,110,5.32,8.82,7,No,7,6,3
1,120,5.59,8.18,5,No,5,5,3
0,108,6.19,7.21,6,Yes,1,6,10
0,111,5.36,6.16,7,Yes,6,6,9
0,80,8.64,8.98,5,Yes,7,3,5
0,123,5.02,7.6,6,Yes,3,3,8
1,115,6.94,6.0,6,No,0,9,7
0,124,5.49,6.21,5,No,1,3,9
0,66,6.23,8.61,6,No,3,3,2
0,141,8.7,5.2,5,Yes,6,2,5
0,107,5.65,9.46,8,Yes,1,7,6
1,126,8.86,5.59,8,Yes,5,10,5
1,94,5.82,8.58,6,Yes,1,10,2
0,119,7.97,6.78,6,No,6,4,8
0,94,7.19,7.21,5,Yes,1,1,3
0,100,8.54,8.96,6,No,2,6,1
0,138,7.22,6.86,9,No,8,5,8
0,107,7.14,7.42,8,Yes,3,2,2
0,113,5.78,5.22,6,Yes,4,6,5
0,123,5.66,5.01,6,No,8,1,4
0,117,8.67,6.1,7,Yes,6,3,1
0,112,6.31,8.06,6,No,7,4,0
0,115,6.49,5.55,9,Yes,10,3,8
0,146,8.04,5.51,8,Yes,2,6,2
0,109,6.36,6.85,7,Yes,10,4,6
0,113,8.81,7.92,5,Yes,10,1,8
1,125,7.95,8.2,5,No,3,5,8
0,126,7.39,5.8,8,Yes,6,5,9
1,127,8.52,5.36,5,No,3,9,5
1,119,5.2,9.23,9,No,1,8,7
0,92,6.03,6.17,6,No,9,8,8
1,134,6.86,8.84,8,Yes,5,5,2
1,92,5.91,8.89,7,No,8,8,5
1,114,7.98,8.48,6,Yes,1,10,4
0,98,8.68,5.76,5,Yes,0,7,6
0,109,6.7,8.7,5,No,7,1,6
1,114,6.37,8.46,7,Yes,0,7,8
0,114,8.85,7.69,9,No,0,8,0
0,116,6.78,6.52,7,Yes,2,3,5
1,134,6.96,6.18,8,No,4,9,4
1,116,6.41,5.55,7,Yes,8,8,3
0,106,8.64,7.29,5,No,10,2,9
0,124,7.28,7.63,9,No,9,6,10
0,127,8.05,6.62,9,Yes,1,4,0
0,91,8.25,7.14,7,Yes,0,3,3
0,118,6.37,6.64,8,No,0,6,9
1,120,6.73,7.88,5,Yes,7,10,10
1,105,8.39,9.06,6,Yes,9,9,6
0,130,6.45,5.74,9,Yes,9,2,3
0,107,8.18,6.72,7,No,9,10,0
1,111,8.76,5.63,8,No,1,10,9
0,107,7.49,7.81,8,No,8,10,0
0,110,7.97,8.28,5,No,8,5,0
0,93,8.22,9.19,9,No,1,6,10
0,88,8.38,6.25,5,Yes,2,4,9
1,133,6.58,9.28,6,Yes,1,7,4
0,97,5.21,5.28,6,Yes,5,2,6
0,95,6.61,7.71,6,No,6,7,8
0,77,7.7,5.26,8,No,5,2,7
0,100,6.8,9.02,9,Yes,2,1,1
0,90,8.0,7.38,5,No,2,5,8
1,134,6.43,8.01,5,Yes,1,2,3
1,125,7.54,8.74,6,No,1,8,9
0,99,5.75,5.68,9,Yes,10,8,10
0,143,8.0,5.17,9,Yes,4,1,4
1,124,7.18,8.95,7,No,10,4,10
0,105,5.82,6.42,9,No,10,9,4
0,72,6.17,5.58,9,Yes,7,5,3
1,144,7.99,7.11,5,Yes,5,10,5
0,89,6.93,7.69,9,No,8,6,0
0,85,5.86,5.14,9,No,10,3,1
0,125,8.87,6.24,5,No,4,5,3
0,146,7.86,5.15,9,Yes,9,1,3
1,130,8.83,6.89,5,No,3,8,7
1,118,6.71,9.03,7,No,8,6,8
1,118,6.9,9.42,8,No,9,2,3
0,122,8.59,7.87,5,No,10,4,5
0,121,7.1,5.73,5,Yes,4,4,3
1,114,7.83,9.08,9,Yes,0,9,3
1,111,6.01,7.32,5,No,4,9,10
0,109,6.79,5.69,6,Yes,4,5,8
0,98,5.49,9.15,6,No,4,3,3
0,105,5.82,8.41,7,Yes,1,1,5
0,84,5.0,8.29,5,Yes,5,6,8
1,108,5.16,8.19,9,Yes,4,8,2
0,95,8.91,5.9,9,No,1,1,6
0,93,5.97,5.95,8,Yes,9,1,6
0,112,7.65,8.1,7,No,7,7,0
0,130,8.36,5.99,9,Yes,5,7,10
0,123,7.2,6.97,8,No,10,2,1
0,86,5.61,8.52,9,Yes,9,3,4
0,95,7.91,8.53,8,Yes,10,2,7
0,124,7.4,7.04,6,No,2,6,5
1,95,7.93,8.56,6,Yes,8,8,6
1,106,8.08,8.77,9,Yes,10,8,2
0,118,8.9,7.95,7,No,10,1,5
0,95,7.29,6.03,5,Yes,3,9,8
1,111,6.37,6.23,7,Yes,2,8,2
0,89,7.59,6.42,7,Yes,6,9,5
0,100,5.27,5.53,5,Yes,7,9,6
0,114,8.59,6.23,6,Yes,6,6,4
0,86,5.48,5.94,6,Yes,0,3,9
0,116,6.31,7.05,5,No,0,1,7
1,109,8.26,9.09,8,Yes,4,8,7
1,118,7.39,5.47,7,No,7,10,5
1,113,6.57,8.24,9,Yes,9,3,6
1,130,6.89,8.09,6,Yes,10,7,2
1,111,8.42,5.43,9,Yes,2,10,6
0,103,6.36,9.15,5,No,7,6,6
0,111,8.48,7.56,9,No,2,3,3
0,118,5.35,6.64,9,No,3,6,9
0,110,8.11,8.4,7,Yes,9,3,3
0,110,8.39,6.16,5,No,6,9,2
0,99,5.73,8.12,9,No,2,1,9
0,100,6.72,5.18,6,Yes,3,8,6
0,88,5.66,8.78,5,Yes,7,5,4
0,136,7.83,7.02,6,Yes,3,4,2
0,91,7.14,7.87,8,No,8,1,5
0,99,7.54,6.0,9,Yes,3,9,5
1,99,5.79,8.05,5,No,3,9,5
0,123,5.85,8.48,6,Yes,4,5,1
0,105,5.17,7.13,9,Yes,0,9,10
1,128,6.29,7.78,7,Yes,6,10,9
0,99,7.24,7.05,6,Yes,8,9,6
1,114,8.43,9.02,6,Yes,8,7,6
0,97,7.67,7.24,8,Yes,0,8,9
1,142,6.74,8.79,7,No,5,1,3
0,92,8.81,8.61,8,Yes,2,4,10
1,114,7.88,6.85,7,Yes,3,10,5
1,119,8.72,6.04,6,Yes,7,10,3
0,116,7.11,6.83,8,Yes,3,4,3
1,107,6.04,8.72,9,Yes,7,9,5
0,108,5.21,6.02,7,Yes,3,3,8
0,110,7.9,7.36,6,Yes,8,10,6
0,107,5.49,8.63,5,Yes,5,10,1
0,124,6.21,6.59,7,No,0,1,5
0,143,7.13,7.89,7,Yes,9,5,4
0,101,7.26,6.11,9,Yes,1,7,5
0,89,7.4,5.49,7,Yes,6,4,7
1,108,5.67,8.57,7,Yes,9,9,7
0,148,6.52,5.45,9,No,6,6,2
0,97,7.47,6.22,9,Yes,2,6,8
1,134,8.88,8.85,8,Yes,0,3,5
1,135,7.91,6.56,6,No,7,10,6
1,101,8.69,9.38,6,Yes,9,10,8
1,118,8.05,9.41,8,No,10,5,6
1,134,7.37,6.21,6,No,10,10,9
0,104,5.77,5.18,7,Yes,9,6,8
0,106,7.67,8.17,8,Yes,6,4,0
0,101,7.49,7.03,8,Yes,9,3,0
0,94,7.41,5.45,6,Yes,7,5,2
0,100,6.96,8.18,5,Yes,0,7,8
0,91,7.11,5.14,6,Yes,2,6,0
0,110,6.34,8.92,5,No,1,2,0
0,98,7.08,5.62,8,Yes,0,1,4
0,113,5.79,5.57,5,No,4,5,7
0,86,8.22,5.79,7,No,2,5,1
1,114,5.74,9.32,9,No,9,6,3
1,122,5.34,8.12,5,Yes,7,3,5
0,80,6.74,8.61,9,Yes,5,1,0
0,115,7.63,6.79,7,No,9,4,3
0,128,6.75,6.51,9,No,8,4,3
0,91,6.11,6.06,7,No,8,10,8
0,135,7.23,7.16,9,No,10,2,8
1,116,6.39,7.48,9,Yes,5,8,5
0,99,8.73,7.84,6,Yes,1,6,7
0,109,8.69,6.16,5,Yes,8,3,9
1,118,7.01,9.27,9,No,1,1,3
0,111,6.31,5.76,8,Yes,2,3,9
1,118,7.95,9.35,6,No,5,8,7
0,96,5.15,5.07,5,No,1,4,2
0,112,6.9,7.17,6,No,4,3,1
0,88,6.35,6.5,5,Yes,1,4,5
0,108,8.68,7.02,7,Yes,3,4,4
0,96,5.05,7.57,9,No,10,2,7
0,98,7.21,6.96,8,Yes,10,4,0
1,128,7.96,6.87,6,Yes,2,9,10
1,126,6.94,8.3,6,Yes,4,4,9
1,119,5.34,8.09,6,Yes,5,1,2
0,93,8.89,8.75,6,Yes,6,1,6
0,105,7.07,6.12,9,No,9,1,9
0,128,7.46,7.74,5,No,7,5,3
0,112,5.95,7.63,9,No,8,6,9
0,144,6.93,6.66,7,Yes,3,6,4
0,115,6.72,7.19,9,No,3,6,7
0,112,5.3,6.41,9,No,6,9,0
0,105,5.42,5.64,7,No,9,1,0
1,112,8.35,5.96,9,No,9,10,6
0,107,5.96,5.47,5,No,10,6,8
1,120,5.78,8.07,8,Yes,8,8,3
1,124,7.02,7.97,7,No,10,8,7
0,98,8.07,9.28,6,Yes,1,3,9
0,90,5.25,8.28,5,Yes,10,5,6
0,82,7.31,5.23,8,No,5,10,1
1,117,5.48,8.98,5,Yes,9,4,4
0,93,5.15,8.88,5,Yes,9,1,8
0,77,5.21,6.99,6,No,7,9,8
0,115,8.34,7.64,8,No,4,5,2
1,147,5.47,9.39,5,Yes,4,2,10
0,109,5.18,7.4,6,No,7,2,2
0,122,6.75,9.07,7,Yes,0,7,1
0,111,8.38,5.37,6,Yes,5,4,6
0,108,6.05,5.86,9,Yes,9,1,5
0,123,6.69,6.98,6,Yes,8,5,4
0,105,5.16,7.63,6,Yes,5,2,6
1,114,6.8,8.67,6,Yes,6,7,3
1,114,7.31,9.45,5,No,3,9,4
0,99,7.28,6.75,8,No,9,1,8
0,124,6.33,5.21,6,No,0,2,10
0,107,6.26,8.61,6,No,8,6,8
0,98,5.43,7.72,9,Yes,5,8,3
0,118,6.47,5.89,9,No,2,7,5
0,96,5.4,7.23,7,No,3,9,1
0,110,8.07,8.34,7,Yes,9,2,2
1,109,8.87,8.47,9,Yes,5,9,8
0,126,8.88,7.25,8,No,5,4,5
0,117,8.46,6.37,7,No,8,3,7
0,109,7.4,9.38,8,No,3,7,10
0,122,7.8,7.99,9,Yes,4,5,4
0,130,6.14,6.84,7,Yes,4,5,1
0,118,7.52,6.26,6,Yes,2,2,6
0,110,6.82,8.29,9,No,1,6,5
0,90,6.93,6.09,7,Yes,7,6,10
0,94,8.03,5.77,8,Yes,9,4,1
0,105,6.13,7.38,8,Yes,8,5,5
0,100,6.27,6.3,7,No,9,7,7
0,107,8.7,7.83,8,Yes,10,8,0
0,110,5.22,5.53,7,Yes,8,6,3
0,117,6.94,7.95,7,No,4,5,0
0,108,8.65,6.27,8,No,10,3,1
0,117,7.44,5.0,5,Yes,8,7,0
0,110,7.19,5.57,6,Yes,3,8,5
0,80,6.0,9.2,9,No,1,3,10
0,95,6.37,8.9,6,Yes,2,5,5
0,107,8.41,6.05,9,No,0,2,0
1,91,7.24,8.5,9,No,4,10,3
1,118,7.06,7.74,6,Yes,0,10,3
1,132,5.4,9.37,7,No,10,4,7
0,128,5.06,6.68,8,No,0,4,5
0,106,8.85,8.07,5,Yes,10,8,1
0,132,6.51,5.29,5,Yes,10,3,4
0,112,7.41,6.78,5,No,6,5,3
0,104,5.32,9.34,6,Yes,1,5,9
0,100,7.73,7.43,6,No,7,2,3
0,105,8.73,6.3,7,No,5,9,7
0,104,7.3,5.54,5,Yes,3,4,4
1,112,5.5,8.17,7,No,8,9,2
1,112,7.33,7.9,5,No,9,9,9
0,110,8.07,6.68,6,Yes,7,2,3
1,116,6.63,9.28,8,Yes,9,9,0
1,127,8.52,5.1,8,No,2,9,5
0,124,7.59,6.37,8,Yes,2,2,10
0,87,8.6,9.14,8,Yes,3,6,9
0,71,7.49,6.44,9,No,8,9,3
0,124,5.53,6.14,5,No,8,4,5
0,89,6.24,7.4,8,No,4,2,1
0,106,5.81,8.71,9,Yes,8,7,4
0,92,8.64,5.46,9,Yes,5,9,10
0,82,8.04,9.24,9,Yes,7,6,8
1,118,7.71,8.58,7,No,10,4,7
0,121,6.2,5.82,7,No,7,1,2
0,101,5.74,8.2,9,Yes,9,4,0
0,71,8.03,6.73,8,Yes,6,3,9
0,101,6.9,6.81,5,No,3,7,2
1,115,5.9,8.52,6,Yes,3,10,7
0,87,7.47,9.33,7,Yes,5,5,10
0,112,5.16,5.57,8,No,8,3,2
0,109,6.3,6.89,8,Yes,6,2,4
0,118,6.87,7.16,6,No,4,2,1
0,111,5.59,6.69,6,No,4,5,0
0,95,8.94,6.63,8,Yes,7,8,10
1,127,5.84,5.24,6,Yes,5,8,9
0,107,5.52,8.08,8,Yes,0,5,4
0,109,5.81,6.96,6,No,0,2,4
0,96,8.08,5.88,6,Yes,8,4,5
0,103,6.7,8.67,8,No,7,7,1
0,96,7.26,8.61,9,No,5,6,8
0,107,5.08,7.19,8,No,0,10,1
0,135,5.14,6.34,5,Yes,1,7,1
0,89,6.78,7.87,6,No,9,5,4
0,85,8.27,6.3,7,No,2,2,8
1,132,8.54,6.06,6,Yes,9,8,3
0,106,5.35,8.29,5,Yes,2,2,5
0,99,7.15,5.18,7,Yes,1,8,1
0,125,8.65,5.43,7,Yes,1,7,3
0,100,6.55,5.03,8,No,5,3,8
0,137,8.32,5.69,9,Yes,6,4,1
0,120,5.53,5.31,8,No,3,7,0
0,102,8.74,9.48,7,No,0,4,3
1,142,8.01,6.3,7,No,5,9,3
0,100,8.77,5.67,9,No,6,7,0
0,121,7.71,6.08,6,Yes,3,1,3
1,114,6.45,9.21,9,No,5,1,2
0,129,8.75,7.34,8,Yes,8,4,1
1,133,6.1,6.64,6,Yes,3,9,9
0,110,6.33,8.93,8,Yes,9,4,3
0,98,7.8,6.78,9,No,3,5,7
0,116,8.06,6.51,6,No,9,1,6
0,99,8.72,5.93,9,Yes,4,2,8
0,140,5.82,6.7,5,Yes,2,4,7
0,112,8.19,6.43,7,No,9,4,0
0,104,7.95,8.05,6,Yes,1,10,1
0,112,5.26,6.3,7,Yes,8,6,1
0,89,6.55,7.6,5,No,0,6,7
0,95,6.13,5.3,6,Yes,4,8,3
1,128,6.22,5.86,7,Yes,4,9,8
0,100,8.93,6.83,7,Yes,7,1,1
0,94,7.57,9.22,6,Yes,5,1,3
0,118,7.87,6.7,7,Yes,5,6,0
0,127,8.91,7.99,7,Yes,5,4,2
0,120,6.51,6.15,6,Yes,3,4,5
0,124,8.21,5.57,7,Yes,0,1,8
0,98,6.74,5.26,7,No,2,9,10
0,88,8.48,6.37,8,No,9,3,0
0,132,5.72,5.71,8,Yes,10,5,4
0,105,8.79,5.78,5,No,5,10,1
0,106,5.88,8.42,8,Yes,4,1,6
1,129,6.3,5.07,8,Yes,9,8,3
0,118,8.02,7.51,5,Yes,0,3,4
0,116,6.58,6.71,7,Yes,4,1,7
0,142,7.43,7.28,7,No,1,10,1
0,100,6.78,7.53,8,Yes,0,6,2
0,123,7.97,6.41,5,Yes,3,1,10
0,110,5.91,6.33,7,No,5,3,4
1,114,5.23,8.3,9,Yes,6,5,9
1,132,6.2,8.92,6,Yes,8,4,3
0,117,6.9,5.87,6,Yes,4,7,4
0,118,5.67,5.44,6,Yes,7,6,2
1,126,6.42,9.04,8,Yes,7,3,8
0,104,6.6,6.57,6,Yes,10,8,7
0,97,5.23,7.48,6,Yes,8,8,5
0,94,7.33,6.62,9,Yes,2,2,0
0,80,8.54,5.57,7,No,2,7,3
0,140,5.61,7.65,9,No,8,1,6
0,93,7.39,7.36,8,No,6,2,9
0,106,7.66,5.91,6,No,3,8,4
0,105,6.68,7.03,7,No,0,1,3
1,114,7.8,8.59,6,No,6,2,8
0,122,6.64,7.66,6,No,9,1,7
0,122,7.02,5.44,8,Yes,5,5,2
0,101,5.03,7.47,6,No,2,7,5
0,107,7.77,8.16,5,Yes,4,6,3
1,114,7.65,8.57,7,No,2,6,6
0,106,5.15,7.83,7,Yes,7,6,0
0,134,6.47,5.69,5,No,4,8,0
1,117,8.92,8.2,8,Yes,9,5,5
1,121,6.68,8.05,6,Yes,9,10,9
0,119,7.01,5.11,6,Yes,5,7,10
0,127,8.64,6.85,7,Yes,1,3,6
1,112,7.87,6.5,8,Yes,7,9,8
1,90,7.33,8.01,8,Yes,8,10,6
0,115,8.19,5.97,8,Yes,2,3,8
0,100,8.46,7.66,6,Yes,5,6,9
0,102,6.83,9.11,8,No,5,3,8
1,118,6.9,8.59,5,Yes,1,1,7
1,128,6.54,9.15,9,Yes,9,1,6
0,110,8.87,9.4,8,No,7,3,2
0,114,7.79,5.05,9,Yes,4,4,10
0,135,5.33,7.8,6,Yes,10,2,2
1,113,8.45,6.86,8,Yes,10,9,10
1,149,6.92,8.87,7,No,7,8,4
0,118,5.28,6.13,6,Yes,7,3,6
0,83,7.2,9.41,5,Yes,2,7,9
0,121,6.67,7.76,5,No,4,4,6
0,115,8.51,8.57,9,Yes,6,5,0
0,129,5.82,5.39,9,No,4,4,7
0,120,8.31,5.83,7,Yes,5,9,0
0,107,7.23,8.41,7,Yes,1,7,10
0,91,5.22,5.1,5,No,7,4,3
0,106,8.89,8.68,8,Yes,4,8,1
0,97,7.05,5.06,5,No,5,2,4
0,101,6.16,7.96,5,No,0,7,5
0,118,6.88,6.64,7,Yes,9,1,3
1,135,8.43,7.75,9,No,1,8,3
1,115,6.22,8.13,7,Yes,10,6,6
0,92,5.77,6.54,7,No,3,5,10
1,116,5.52,5.49,7,Yes,10,9,3
0,127,6.19,5.31,5,Yes,8,9,1
0,100,8.12,7.65,8,Yes,5,3,3
0,107,6.89,7.34,5,Yes,7,9,6
0,110,5.91,8.34,6,Yes,1,9,0
0,98,5.66,7.29,7,No,9,2,3
0,119,6.33,6.9,7,No,4,5,5
0,108,8.76,6.79,6,Yes,0,2,7
0,116,6.37,5.12,7,Yes,3,1,7
0,96,8.95,6.51,7,No,9,7,8
0,103,6.94,9.39,7,Yes,0,4,4
0,120,5.72,8.93,6,Yes,10,5,1
0,104,8.56,6.48,5,Yes,10,4,2
0,135,6.84,7.65,7,Yes,8,6,1
0,104,7.84,8.81,8,Yes,1,2,8
1,113,8.93,6.99,6,No,6,8,5
0,123,5.2,5.08,9,No,2,4,10
0,88,5.39,5.34,6,Yes,1,8,0
0,83,7.88,7.3,5,No,3,3,2
0,87,6.13,9.36,6,Yes,6,5,6
1,128,5.74,8.12,9,Yes,6,3,6
0,101,5.16,5.32,8,Yes,8,7,4
0,148,5.09,5.85,9,Yes,2,3,2
1,101,8.1,8.47,6,Yes,6,8,6
1,112,5.54,8.79,9,Yes,5,9,4
0,133,6.87,7.78,6,Yes,9,2,5
0,140,7.42,7.9,8,Yes,6,3,2
0,140,6.71,5.13,8,No,6,7,5
1,128,5.11,8.73,5,No,9,5,6
1,125,8.13,8.55,8,Yes,4,10,7
0,118,5.04,6.17,7,No,8,7,1
0,121,8.05,8.19,9,No,6,2,1
0,101,8.57,5.97,9,No,6,4,5
0,97,6.73,5.18,6,Yes,2,1,7
0,109,7.14,5.91,8,Yes,0,5,4
0,107,6.91,5.8,5,No,4,8,0
0,103,6.56,6.52,5,Yes,7,1,10
0,120,8.55,6.88,5,Yes,4,7,0
0,124,8.58,7.29,7,Yes,9,7,9
0,111,6.34,7.15,8,No,2,7,8
0,132,7.46,6.22,5,No,8,1,3
0,92,8.71,5.13,7,Yes,1,3,9
0,107,8.85,7.72,9,Yes,2,2,0
0,99,7.04,6.78,6,No,3,5,10
0,82,6.81,6.34,8,Yes,9,2,7
0,108,6.11,8.9,8,Yes,0,5,1
0,108,8.84,8.36,9,Yes,10,5,1
0,132,5.57,8.86,8,No,3,4,0
0,119,7.32,7.23,8,No,3,7,0
0,94,6.13,5.59,8,No,8,10,8
0,137,6.12,8.13,8,Yes,7,6,0
0,128,6.62,5.93,7,Yes,1,2,5
0,118,9.0,6.99,7,Yes,6,4,6
0,106,5.22,5.29,6,No,5,7,3
1,95,7.31,8.71,8,Yes,6,9,4
0,104,5.33,5.57,9,Yes,10,9,3
1,126,5.62,9.06,5,No,3,3,3
1,138,6.76,8.89,6,Yes,4,1,9
0,133,7.04,7.09,5,Yes,5,9,0
1,102,6.04,8.35,5,No,8,8,5
0,93,6.27,7.79,8,Yes,1,7,9
1,112,5.35,8.61,9,Yes,10,6,9
0,83,6.21,6.94,5,Yes,8,10,6
1,114,8.87,8.54,5,Yes,9,7,6
0,107,8.78,7.08,6,Yes,0,9,7
0,103,6.34,9.23,9,No,3,6,6
0,86,7.28,7.19,9,Yes,4,10,5
0,117,8.64,7.08,5,No,8,3,7
0,102,5.02,8.53,9,Yes,5,3,2
0,92,8.24,8.7,6,Yes,3,4,8
0,66,8.79,7.5,6,Yes,1,10,2
0,109,5.37,5.81,6,No,4,10,3
1,136,5.65,7.1,8,Yes,7,8,9
1,134,8.84,9.36,5,No,7,10,5
1,103,7.15,8.39,9,No,5,9,7
1,100,5.06,8.65,6,No,10,8,2
1,117,6.03,5.15,5,No,0,10,9
0,95,6.8,7.11,5,Yes,7,2,5
0,114,7.77,7.91,8,No,3,4,4
1,121,7.93,8.74,9,No,1,4,4
0,128,8.98,5.22,9,No,0,2,4
1,108,6.15,8.84,6,Yes,6,8,8
0,106,7.15,7.47,6,No,1,3,6
0,96,7.13,5.89,5,Yes,3,2,8
0,97,6.62,6.43,9,Yes,3,7,8
0,106,5.68,6.27,9,No,9,1,5
0,115,8.91,7.39,6,No,0,6,5
0,123,8.41,5.23,7,Yes,1,3,3
0,97,6.99,5.71,5,No,0,3,7
0,132,7.41,8.66,9,Yes,5,5,1
0,105,5.91,5.6,8,Yes,2,3,4
0,109,7.18,6.05,8,Yes,0,4,0
0,98,7.78,7.04,7,Yes,7,3,9
0,73,7.06,7.33,6,No,3,7,1
0,123,8.96,8.44,6,Yes,9,3,0
1,121,7.45,7.01,6,Yes,6,10,5
0,105,6.48,8.55,8,Yes,9,4,1
0,111,8.09,7.78,6,Yes,1,2,3
0,117,5.68,5.51,8,No,5,2,4
0,86,6.54,5.7,7,Yes,5,9,6
0,102,6.39,6.97,5,Yes,6,1,9
0,121,6.73,6.79,9,No,0,1,0
1,91,8.13,8.35,7,Yes,0,10,10
0,114,6.94,7.61,8,No,1,1,4
0,89,8.18,6.75,7,Yes,10,3,3
0,116,7.31,5.77,9,Yes,1,2,6
0,109,6.37,6.02,5,No,4,3,9
0,85,8.24,7.59,9,No,0,5,6
1,127,5.95,6.91,8,Yes,10,9,7
0,98,5.9,7.32,9,No,1,2,3
0,97,7.02,5.77,7,No,5,1,3
0,113,6.04,7.98,6,Yes,2,6,9
1,127,5.04,8.84,7,Yes,3,3,4
0,94,7.59,6.16,8,Yes,0,7,4
0,110,7.04,7.21,5,Yes,4,6,10
1,116,6.78,9.39,9,Yes,3,7,2
0,120,8.87,6.5,5,No,7,5,4
0,112,7.28,7.68,8,Yes,2,1,4
0,104,8.45,5.41,9,No,9,3,7
0,97,5.56,7.73,7,Yes,0,3,6
0,111,7.28,5.4,7,Yes,9,7,7
0,93,8.47,9.32,8,No,4,3,4
0,66,7.33,8.22,9,Yes,0,5,10
0,116,7.87,8.55,7,Yes,10,4,1
1,123,6.49,8.17,8,Yes,4,4,7
0,74,5.37,7.65,8,No,8,7,8
0,94,6.83,7.02,5,Yes,4,1,1
0,119,6.58,8.86,7,Yes,1,7,0
1,140,8.47,9.31,9,No,1,8,5
0,110,5.98,7.25,7,No,9,3,2
0,99,8.87,9.19,7,Yes,8,3,0
0,107,8.83,7.62,7,Yes,4,4,5
0,130,5.99,7.42,8,No,10,6,7
0,100,6.39,7.05,6,No,7,7,8
0,98,8.58,5.94,6,Yes,9,1,5
0,102,8.87,5.02,5,Yes,3,4,5
0,95,6.77,6.09,7,No,1,7,0
0,111,6.28,7.29,6,No,3,2,4
0,134,7.1,6.71,5,No,10,1,2
0,114,7.75,7.02,8,Yes,3,1,6
1,106,6.09,9.41,7,Yes,10,10,8
0,105,7.95,6.58,9,No,8,6,10
0,86,5.21,7.03,8,Yes,9,5,5
0,123,5.2,5.6,5,Yes,10,1,4
0,108,6.55,5.22,8,Yes,5,10,6
0,107,6.41,8.49,9,Yes,9,3,10
0,157,6.26,7.57,8,Yes,5,7,8
1,114,6.96,8.42,5,No,4,9,4
0,98,6.28,5.67,9,No,5,9,4
0,103,5.77,7.57,9,No,0,6,9
0,127,6.24,6.14,8,No,4,3,3
0,111,8.9,6.03,9,Yes,5,1,4
0,88,6.64,5.05,8,Yes,7,3,6
1,123,6.78,5.59,7,Yes,3,10,2
0,99,7.31,6.39,9,Yes,4,2,3
0,138,8.93,5.53,8,No,3,5,8
1,126,5.97,9.44,7,Yes,6,8,1
0,103,7.73,6.39,9,Yes,9,5,7
0,129,7.86,5.59,7,Yes,5,1,8
0,111,7.43,5.9,9,Yes,3,3,4
0,122,5.35,7.64,5,No,5,5,6
0,117,7.71,5.29,5,Yes,3,7,5
0,97,5.26,8.88,8,Yes,7,5,0
1,100,7.38,9.33,6,Yes,10,10,7
0,125,7.96,6.11,5,No,2,5,8
0,104,5.84,7.03,6,Yes,7,7,9
0,103,8.37,5.1,7,Yes,1,8,10
0,95,5.12,7.88,7,Yes,5,8,0
0,116,8.38,6.86,6,Yes,7,7,7
0,140,6.84,6.22,8,Yes,0,3,2
0,93,5.87,5.93,9,No,5,2,5
0,110,5.54,7.94,6,No,8,1,9
0,131,8.81,6.87,6,No,9,6,7
0,108,5.29,5.81,6,Yes,9,9,4
1,116,5.8,8.1,6,Yes,1,3,7
0,94,6.39,7.54,6,Yes,10,5,6
1,116,7.48,8.86,8,Yes,0,9,6
0,107,7.18,5.53,5,Yes,1,9,6
1,124,5.5,8.54,9,Yes,4,7,8
1,127,6.16,8.03,5,No,5,4,5
0,148,5.96,5.52,6,No,0,2,5
1,118,5.85,8.13,5,No,6,2,10
0,114,6.64,6.99,8,No,10,4,8
1,112,7.82,9.25,7,Yes,3,1,5
0,104,5.87,5.64,5,Yes,8,4,6
0,115,6.47,7.89,9,Yes,5,6,6
0,105,6.56,6.72,8,Yes,8,6,1
1,112,8.91,9.31,7,Yes,0,7,7
0,129,8.82,6.48,8,Yes,3,5,10
1,94,8.2,9.33,6,Yes,1,9,5
1,127,5.97,9.06,7,No,5,2,3
0,129,5.27,6.22,9,No,3,2,10
0,108,6.27,8.62,7,Yes,8,4,6
0,78,6.07,9.48,9,Yes,2,4,7
0,100,7.02,6.14,6,Yes,0,4,0
0,129,8.11,6.97,9,No,10,1,9
0,109,8.43,7.34,8,Yes,10,4,3
0,95,8.38,6.33,5,No,0,5,3
0,102,6.44,5.07,8,Yes,8,9,9
0,122,7.75,5.99,8,Yes,8,3,8
0,118,6.25,6.27,7,Yes,4,3,5
0,106,5.24,7.0,6,Yes,1,5,3
0,104,7.81,5.77,5,Yes,8,10,0
0,104,5.04,8.93,9,No,7,6,7
0,96,6.64,8.17,7,Yes,10,3,10
0,134,6.32,5.38,6,Yes,9,1,8
0,105,7.77,7.93,5,No,9,10,4
1,128,8.06,7.94,8,Yes,5,8,4
1,132,6.22,9.3,6,Yes,6,1,9
0,124,8.25,5.01,6,Yes,5,2,7
0,103,6.18,6.12,6,No,4,3,7
1,116,6.79,9.18,8,No,3,6,4
0,109,7.91,9.19,9,Yes,6,4,3
0,96,7.77,8.24,7,No,3,4,5
1,114,8.95,8.45,9,No,9,9,9
0,92,5.9,5.41,5,Yes,9,6,4
0,127,7.65,7.31,7,No,9,2,7
0,103,7.44,6.04,5,Yes,8,7,8
0,113,8.66,5.82,8,No,4,3,0
1,114,5.63,8.65,9,Yes,7,9,8
0,106,8.01,5.61,6,No,5,6,8
1,118,7.27,7.11,7,Yes,3,8,5
0,102,6.1,9.22,6,No,2,1,10
0,123,6.9,5.84,5,Yes,10,2,9
0,89,6.34,9.4,6,No,5,6,4
1,111,7.32,9.47,6,Yes,0,3,6
0,139,8.56,7.5,8,No,1,1,10
0,94,7.28,5.77,8,No,6,6,7
0,99,7.53,6.42,9,Yes,3,5,8
1,117,7.07,6.91,5,No,4,9,8
0,112,5.2,6.39,8,Yes,10,6,9
0,115,5.93,6.26,8,No,9,5,10
1,117,6.97,9.38,9,No,0,1,2
0,119,6.24,5.69,7,Yes,1,1,7
0,126,5.73,8.3,9,No,3,1,0
0,116,7.02,5.0,6,Yes,7,7,6
0,106,6.29,7.68,6,Yes,9,6,4
0,120,6.03,9.12,8,No,3,5,1
0,138,6.86,6.3,8,No,2,4,1
0,108,5.53,5.83,9,Yes,2,8,7
0,95,8.71,7.93,9,Yes,4,8,4
1,126,8.47,8.21,5,No,2,5,10
0,108,7.83,8.1,6,Yes,7,4,2
0,77,5.42,6.44,9,No,4,2,0
0,122,8.1,6.13,7,No,6,7,10
0,101,8.23,9.3,5,Yes,10,5,6
0,108,8.07,9.15,9,Yes,7,3,10
1,114,5.46,7.06,8,Yes,4,9,2
1,112,7.58,8.81,9,Yes,7,9,6
0,120,8.34,7.04,8,No,2,10,1
0,103,7.31,6.91,8,No,6,8,3
0,117,7.59,5.71,6,Yes,7,1,1
0,106,6.83,6.92,6,Yes,6,3,3
0,121,7.11,7.42,9,Yes,1,2,4
0,119,5.14,5.1,9,No,7,4,7
0,95,7.56,7.0,7,No,5,2,1
1,126,5.33,8.52,5,No,9,8,9
0,101,6.74,8.06,5,Yes,2,1,2
0,122,6.17,7.86,9,No,3,4,9
1,115,7.18,9.09,6,Yes,6,5,4
1,137,5.53,5.08,7,No,2,10,10
0,106,7.77,7.51,5,No,0,4,8
1,104,8.18,8.54,9,No,5,8,9
0,109,5.65,7.44,6,Yes,2,2,10
0,105,5.42,6.46,6,No,10,9,4
0,121,5.58,5.61,6,Yes,9,2,8
0,85,8.51,8.99,8,No,5,2,3
0,94,7.11,7.12,6,Yes,9,2,9
1,93,6.87,8.95,9,Yes,2,10,4
1,124,5.43,7.64,7,Yes,5,8,8
1,135,7.6,8.03,9,No,10,3,3
1,108,8.47,8.62,6,Yes,3,10,4
0,107,8.31,7.97,7,No,3,10,4
1,111,7.5,6.79,5,No,9,8,3
0,127,5.3,7.31,5,No,9,7,3
1,96,5.45,8.61,9,Yes,10,10,10
0,113,5.2,6.68,7,No,1,4,4
0,124,6.03,6.75,9,Yes,3,7,5
1,117,5.54,5.43,7,Yes,10,8,6
1,112,6.04,9.12,7,Yes,3,6,5
0,125,6.54,5.41,9,Yes,10,6,0
0,69,8.77,7.92,7,Yes,6,3,1
0,120,7.44,6.86,6,Yes,4,5,6
0,100,8.34,6.83,7,Yes,7,10,2
0,82,7.84,8.06,7,Yes,6,2,9
0,117,5.45,5.3,9,Yes,9,5,10
0,130,7.94,7.67,5,Yes,8,5,1
0,107,6.1,8.47,8,No,7,7,5
1,124,7.56,8.73,7,Yes,8,4,10
0,134,6.36,5.77,8,Yes,0,6,3
1,129,8.99,9.04,7,Yes,9,9,10
0,134,6.05,7.95,9,Yes,2,4,4
1,121,6.12,8.97,9,Yes,4,6,5
1,111,8.72,7.18,7,Yes,8,9,2
0,85,5.1,7.44,9,No,7,10,0
0,106,7.79,9.14,9,No,9,1,2
1,97,7.9,9.05,7,No,6,8,2
0,142,8.35,7.02,5,No,1,1,5
0,107,8.9,6.23,7,No,10,4,3
0,111,8.9,6.77,5,No,5,3,6
0,118,5.26,6.74,9,No,3,4,10
0,110,8.29,6.29,5,Yes,4,7,1
1,135,7.59,6.21,9,Yes,4,9,3
1,100,7.59,8.87,5,Yes,3,9,7
1,112,5.51,5.31,5,Yes,3,10,10
0,98,7.6,8.05,7,No,3,1,5
0,90,8.93,5.78,5,Yes,10,10,9
0,100,8.65,6.55,9,No,1,1,2
0,109,6.76,5.28,7,Yes,0,9,9
0,103,5.16,6.21,5,Yes,1,4,1
0,99,6.45,8.46,7,Yes,6,3,2
0,88,8.31,8.98,8,Yes,0,9,0
0,108,7.81,6.0,7,Yes,5,5,0
0,87,6.84,7.09,8,Yes,3,6,1
0,121,5.22,7.12,8,Yes,1,1,2
1,111,6.71,8.93,7,Yes,2,1,8
0,88,6.88,8.43,9,No,6,7,7
0,105,8.71,7.31,9,Yes,5,10,10
1,98,7.56,8.02,9,Yes,5,8,10
1,114,6.25,8.81,6,Yes,7,8,8
0,130,7.1,5.04,8,Yes,7,7,6
0,81,5.26,6.81,7,Yes,5,9,6
1,111,8.89,9.08,9,Yes,0,1,4
0,107,6.44,8.33,9,Yes,9,2,6
0,120,6.91,7.44,7,No,6,3,3
0,113,6.42,7.38,8,Yes,7,5,4
0,98,7.73,6.56,7,Yes,4,4,0
0,105,7.65,7.34,6,Yes,10,4,10
0,98,7.86,7.95,6,Yes,3,8,3
1,126,6.07,6.88,7,Yes,6,8,2
0,110,6.26,8.21,8,No,10,7,1
0,138,5.5,8.88,9,No,5,1,1
0,109,7.62,5.7,6,Yes,5,10,7
0,99,5.16,7.03,6,No,2,4,0
0,87,7.39,6.84,8,Yes,10,1,7
0,82,8.48,8.09,6,No,9,5,8
0,86,8.56,6.12,6,No,3,3,5
0,114,6.8,7.88,8,No,4,3,0
1,117,6.84,8.95,7,Yes,8,4,9
0,86,5.31,6.88,9,Yes,7,2,6
1,123,7.68,9.1,9,Yes,2,7,4
0,102,8.29,9.47,6,Yes,5,4,8
0,112,5.98,5.48,9,Yes,9,5,6
0,134,6.69,6.05,7,Yes,0,2,4
0,123,8.36,9.28,6,Yes,2,6,1
1,105,8.51,9.31,9,No,9,9,3
0,96,5.97,5.44,5,Yes,6,8,1
0,77,7.2,5.07,5,No,6,8,8
0,99,5.77,5.72,5,Yes,1,2,1
0,106,5.41,9.48,5,No,2,4,1
0,95,8.64,5.81,5,Yes,6,8,1
0,108,8.28,7.26,6,Yes,5,1,0
1,111,8.04,8.82,8,No,6,8,8
0,106,5.2,5.09,8,Yes,9,3,7
0,100,8.37,7.72,6,Yes,8,8,1
0,112,6.75,6.25,6,Yes,7,6,1
1,116,6.37,8.88,7,Yes,5,7,4
0,93,7.19,6.28,8,Yes,3,2,3
0,131,5.37,8.09,5,Yes,9,1,1
0,108,8.03,8.03,6,No,8,6,7
0,110,7.33,6.0,5,No,6,3,7
0,120,5.75,5.16,8,Yes,4,4,3
1,113,5.75,6.84,9,No,1,9,3
0,124,5.74,6.3,9,Yes,8,3,8
1,114,5.23,8.64,6,Yes,6,2,3
0,100,7.35,8.6,7,Yes,8,2,9
0,115,8.36,7.06,5,No,10,2,10
0,92,5.07,7.73,6,Yes,8,6,8
0,111,5.2,7.72,7,No,9,2,2
0,109,7.29,8.72,5,Yes,4,7,1
0,106,8.28,6.91,8,No,6,7,10
0,108,6.31,6.24,9,No,4,7,7
0,81,6.4,6.19,7,Yes,2,2,2
0,101,7.39,7.41,5,No,9,7,1
1,111,6.1,7.02,6,Yes,7,10,10
1,112,5.11,6.98,5,Yes,7,8,7
0,94,7.94,5.41,6,Yes,8,8,7
1,128,7.5,8.23,9,Yes,10,2,4
0,97,7.32,5.96,9,No,5,5,8
0,124,7.97,5.89,5,Yes,1,6,10
1,116,7.7,6.86,5,Yes,2,9,5
0,100,5.82,6.03,6,Yes,10,6,4
1,136,6.41,7.63,6,Yes,9,10,2
0,92,5.5,6.67,7,Yes,10,6,6
1,123,5.52,7.02,7,No,5,10,8
1,125,7.7,7.42,7,No,0,10,3
0,99,8.43,5.92,5,Yes,1,6,10
1,130,8.85,5.7,7,Yes,7,9,6
1,106,7.51,8.96,5,Yes,10,10,2
0,114,5.74,6.95,9,No,7,7,10
0,113,5.42,6.85,8,Yes,5,1,1
0,107,8.25,5.16,9,Yes,2,1,10
0,122,7.32,7.24,5,No,1,4,0
0,121,7.47,7.49,5,Yes,5,2,5
0,83,8.13,7.51,8,Yes,0,3,4
0,129,7.81,8.18,6,No,9,7,1
0,85,8.34,5.8,6,Yes,5,7,2
0,125,5.22,6.14,6,Yes,8,3,8
1,126,7.99,8.65,7,Yes,6,2,2
0,93,8.4,9.26,6,Yes,8,1,6
0,103,6.14,5.61,7,Yes,1,9,0
0,93,7.56,7.24,7,No,10,10,6
0,106,6.26,5.96,6,Yes,4,3,8
0,105,8.83,5.27,6,No,8,9,10
0,121,5.13,6.46,8,Yes,6,4,7
1,129,7.32,5.65,8,Yes,8,10,6
1,130,5.67,8.19,7,Yes,10,6,9
0,101,7.85,7.4,8,Yes,5,7,7
0,106,5.7,5.65,7,Yes,6,10,3
0,84,5.94,5.04,5,Yes,9,6,1
0,97,6.98,8.64,7,Yes,4,1,10
0,124,8.66,5.79,7,Yes,5,6,8
0,134,5.85,7.73,8,No,0,6,2
0,91,5.58,6.52,5,Yes,0,5,10
0,101,8.04,7.63,9,Yes,1,3,3
0,109,7.0,6.42,9,Yes,10,10,6
0,114,8.65,5.39,9,Yes,3,3,1
0,97,5.59,6.0,5,No,10,10,7
0,116,7.58,5.85,6,Yes,8,7,9
0,102,5.93,6.93,5,Yes,6,8,7
0,109,5.63,7.96,8,Yes,5,3,4
0,118,7.73,6.19,7,No,0,3,8
0,110,7.37,5.05,7,Yes,4,7,7
0,103,8.02,7.34,8,Yes,10,10,0
0,108,6.24,7.73,8,Yes,3,7,8
1,108,6.79,9.33,7,Yes,4,9,4
0,104,6.62,7.65,6,Yes,10,6,8
0,106,8.94,7.12,6,No,8,7,8
1,133,6.17,7.58,6,No,2,10,9
1,118,6.18,9.18,8,Yes,3,1,9
0,105,6.42,8.73,7,Yes,7,7,2
0,120,7.26,6.45,7,Yes,2,2,7
0,104,6.01,6.07,7,Yes,2,7,6
0,127,8.66,6.18,5,Yes,8,3,6
1,115,6.06,7.27,5,Yes,4,9,9
0,108,8.58,8.35,9,No,9,5,1
0,116,5.41,7.26,5,Yes,0,7,1
0,86,7.63,5.31,6,No,6,8,1
0,93,8.63,8.26,6,Yes,6,2,10
0,92,5.67,8.63,6,Yes,5,1,1
0,112,8.87,6.3,6,Yes,5,7,3
0,135,6.81,7.99,9,No,2,6,6
0,143,8.78,6.92,6,Yes,2,6,1
1,119,7.71,9.0,8,No,9,2,4
1,117,6.21,8.8,8,No,10,3,6
0,82,5.75,7.36,8,No,8,4,8
0,101,6.21,8.11,5,No,0,3,7
0,98,5.37,8.98,7,No,6,2,8
0,100,5.58,7.23,9,No,10,3,6
0,107,5.42,6.41,8,Yes,9,6,2
0,102,6.69,8.39,8,No,6,9,0
0,80,8.18,5.99,6,No,7,4,9
0,121,5.57,6.75,8,Yes,5,6,6
0,93,5.52,8.9,6,No,7,1,10
1,113,7.57,8.26,6,Yes,0,6,5
0,141,5.79,6.82,7,Yes,0,3,1
0,96,5.39,5.97,5,Yes,8,9,0
0,72,5.67,6.6,6,Yes,3,4,9
0,105,8.69,6.28,6,No,2,7,3
0,126,8.29,5.79,7,No,5,4,3
1,139,6.42,8.34,6,No,9,6,5
0,91,7.62,6.13,9,No,8,7,10
0,117,7.15,7.04,5,Yes,9,2,4
0,103,7.71,6.74,9,Yes,10,10,8
0,108,7.73,9.42,8,Yes,3,6,7
1,149,7.51,6.76,5,No,8,8,8
0,87,6.06,5.36,8,Yes,4,6,9
0,113,5.16,5.4,6,No,6,2,6
0,117,6.82,7.66,7,No,2,4,8
0,126,8.56,7.7,9,No,2,1,2
0,111,7.28,6.88,8,Yes,2,7,8
0,114,8.33,6.94,6,Yes,7,8,1
0,104,8.97,5.24,9,No,5,10,8
0,114,5.65,7.32,9,No,8,2,5
0,104,7.77,7.27,8,Yes,8,10,3
0,119,7.7,5.67,6,No,7,5,10
0,104,8.92,5.47,7,No,0,8,1
1,115,8.94,5.56,8,Yes,5,8,9
0,109,7.75,5.45,9,Yes,3,5,2
1,126,5.97,7.74,9,Yes,3,8,4
0,109,8.19,5.88,5,Yes,2,6,8
0,83,5.43,6.13,6,No,8,5,6
0,128,8.12,5.78,5,Yes,1,4,10
0,96,8.64,9.31,7,No,0,5,10
0,100,6.53,8.85,8,No,9,4,2
0,101,7.52,6.04,9,Yes,2,1,3
0,130,6.72,6.47,6,Yes,3,3,10
0,77,6.75,5.94,9,Yes,3,8,1
0,157,6.24,7.21,5,Yes,5,7,7
0,125,8.05,5.09,5,Yes,0,7,5
1,113,8.74,8.02,8,No,0,3,2
0,109,8.76,7.35,6,Yes,1,9,4
1,114,5.7,9.04,6,Yes,3,6,4
0,117,8.5,5.74,8,Yes,6,8,0
1,119,7.95,8.62,5,Yes,5,8,4
1,118,6.01,8.56,5,Yes,10,3,5
0,111,5.27,5.57,5,No,8,4,9
0,107,6.07,6.79,9,Yes,6,6,9
0,107,8.65,5.77,7,No,4,2,10
0,107,7.53,6.15,5,Yes,5,7,10
0,127,7.88,6.18,7,No,9,2,10
0,118,6.03,7.5,7,No,8,5,1
0,65,7.88,6.85,6,Yes,0,4,2
1,119,5.11,9.26,8,Yes,10,9,9
0,112,6.5,5.57,9,Yes,8,2,4
0,109,7.51,9.38,7,No,5,7,2
0,104,5.58,6.04,9,No,3,7,4
1,126,8.29,8.48,6,Yes,4,7,4
0,124,5.94,6.53,5,Yes,0,1,7
0,98,7.61,5.64,7,No,6,8,9
1,116,6.62,8.86,8,No,7,2,8
0,95,7.38,6.39,6,No,10,5,7
0,89,5.43,7.96,9,No,4,2,2
0,100,5.07,7.55,5,Yes,1,5,0
0,122,8.64,7.12,9,No,7,7,2
0,124,6.08,7.23,8,No,9,6,0
1,117,8.28,8.3,7,No,6,5,10
0,120,9.0,5.39,8,Yes,9,4,8
1,117,5.85,8.01,9,Yes,8,8,2
1,100,6.06,9.03,9,Yes,3,8,7
0,116,7.65,5.26,8,Yes,10,1,5
1,122,8.86,5.63,8,Yes,8,10,2
1,121,8.66,8.22,8,No,3,2,8
0,127,7.01,6.97,5,Yes,2,3,7
0,120,8.18,6.82,9,Yes,10,1,2
0,115,5.54,5.62,6,No,2,3,6
1,126,8.91,7.28,5,No,9,10,4
0,109,8.86,5.57,5,Yes,1,8,1
0,96,5.65,7.14,5,Yes,9,4,7
0,107,6.2,8.44,6,No,2,7,0
0,98,5.4,6.16,8,No,7,7,3
0,99,6.09,7.16,9,Yes,10,5,10
0,107,8.26,9.46,7,Yes,7,1,10
1,98,6.51,8.09,7,Yes,1,10,3
0,105,5.35,8.79,9,No,10,4,9
0,81,6.37,6.87,6,Yes,1,7,4
1,113,8.93,8.46,7,Yes,1,5,3
0,110,7.52,5.18,5,Yes,9,2,0
0,97,6.66,5.55,7,No,6,8,6
0,119,5.67,5.91,9,Yes,5,2,9
1,124,8.94,6.81,5,Yes,10,8,10
0,85,8.28,8.81,7,No,0,2,1
0,98,6.13,6.56,9,Yes,1,5,9
0,98,5.28,7.95,6,Yes,0,4,2
0,95,5.23,8.19,9,No,10,1,4
1,122,5.48,7.64,6,Yes,6,8,7
0,107,7.32,6.61,5,No,5,10,9
0,106,8.72,7.6,9,Yes,1,3,7
0,79,6.99,6.54,8,Yes,1,4,1
0,119,8.37,5.38,8,No,1,4,8
0,91,6.78,9.47,8,Yes,7,5,5
0,110,7.83,5.57,8,No,6,3,8
1,114,7.93,5.33,8,Yes,0,9,3
1,130,5.7,8.95,6,Yes,3,4,2
0,90,6.44,6.36,9,No,10,10,4
0,64,7.55,7.93,5,Yes,3,4,4
0,112,5.28,6.48,8,Yes,6,6,3
1,137,6.45,6.76,8,Yes,1,8,6
0,128,7.14,6.18,5,Yes,3,7,7
0,113,8.98,6.54,5,No,0,4,4
0,102,6.9,6.85,8,No,10,4,8
1,122,8.26,8.24,6,No,10,5,6
0,95,6.73,7.3,5,No,3,10,6
1,117,8.19,9.25,9,Yes,10,5,7
0,117,7.38,5.19,9,Yes,0,1,3
1,125,8.55,7.26,6,No,1,8,9
1,151,6.64,7.63,7,Yes,1,10,5
1,115,7.42,9.14,6,Yes,9,5,4
0,102,7.52,5.22,8,No,2,3,0
0,109,6.67,7.58,7,Yes,7,3,8
0,83,5.58,8.84,8,Yes,10,4,1
0,99,5.37,6.09,9,Yes,5,7,5
0,103,5.07,8.94,5,No,5,5,7
0,102,8.49,5.09,8,Yes,8,1,2
1,112,5.95,8.3,9,Yes,7,5,4
0,97,5.85,9.2,6,No,1,5,6
0,126,7.94,7.96,8,No,5,6,3
0,110,6.28,6.98,9,No,0,7,4
0,109,7.02,5.2,5,Yes,8,5,0
0,105,5.65,9.14,8,Yes,3,2,3
0,112,8.84,7.12,9,Yes,3,2,6
0,122,8.41,5.13,8,Yes,8,4,9
0,96,8.46,8.1,5,Yes,2,1,6
0,100,6.63,7.17,8,Yes,4,7,9
0,105,8.05,5.56,8,Yes,0,1,9
0,89,5.58,5.96,9,No,5,3,3
0,97,5.03,5.29,7,No,2,10,5
0,102,5.08,7.58,8,Yes,0,7,4
0,123,7.35,7.8,7,Yes,9,6,0
0,113,6.82,7.28,6,Yes,5,7,7
1,112,7.07,8.68,8,Yes,9,5,6
1,122,5.03,8.87,7,Yes,1,8,4
0,107,6.69,7.77,6,Yes,7,6,9
0,115,7.87,5.06,9,No,10,4,9
0,108,6.77,8.13,8,No,1,1,6
0,113,7.93,6.88,9,No,3,2,9
0,101,5.93,7.55,6,No,2,6,2
0,73,8.25,7.92,9,No,8,4,7
0,107,7.35,6.58,9,No,1,3,4
0,131,5.84,9.13,5,Yes,2,7,1
0,123,5.95,5.6,6,Yes,6,7,1
1,124,7.51,8.02,9,No,3,2,3
1,128,8.32,5.02,7,Yes,5,8,6
1,111,6.66,9.16,6,No,2,1,9
1,112,6.03,5.51,5,No,0,10,3
0,100,8.47,5.43,8,No,10,7,8
0,105,7.68,6.5,9,Yes,5,10,1
0,119,6.79,6.68,7,Yes,3,1,5
0,128,6.95,5.96,5,No,1,3,3
0,107,5.82,7.63,6,No,6,3,5
0,103,7.51,6.99,9,Yes,9,10,9
0,110,6.43,5.15,5,No,4,2,8
1,119,8.98,6.44,5,No,5,10,9
0,88,6.92,8.65,7,Yes,5,5,8
0,75,6.94,8.1,8,No,8,4,8
0,101,7.26,8.26,8,Yes,1,6,8
0,91,8.67,8.14,8,Yes,5,2,2
0,102,8.2,6.4,6,Yes,8,4,10
0,107,6.8,5.45,5,No,3,7,8
0,103,7.87,6.23,6,No,10,1,2
1,131,7.34,8.74,5,Yes,5,3,9
1,114,6.97,9.41,7,No,6,1,2
0,114,5.77,7.22,7,No,0,2,4
1,119,6.86,5.04,6,No,4,9,5
0,92,5.98,5.63,6,Yes,3,10,8
0,125,8.66,6.45,7,Yes,9,5,0
0,108,6.34,7.6,9,Yes,1,4,7
0,120,8.81,5.34,8,No,1,4,3
1,93,7.13,9.25,8,Yes,1,8,9
0,86,7.53,6.64,7,No,6,3,6
1,122,7.17,9.11,8,No,10,4,5
1,115,5.52,8.51,9,No,10,2,5
0,96,6.5,8.4,9,No,3,6,6
0,96,5.4,7.73,5,Yes,5,9,3
0,126,7.49,7.82,6,No,6,4,5
0,92,6.79,7.87,8,Yes,8,6,2
0,134,8.11,7.83,9,No,10,4,4
0,96,5.88,7.49,6,No,1,2,1
1,119,5.66,9.44,6,No,9,6,2
0,105,6.63,8.3,5,No,8,7,8
1,119,8.71,8.5,6,Yes,10,4,5
0,101,7.84,8.93,6,Yes,4,7,2
0,107,6.68,5.97,7,No,5,8,1
0,110,7.07,5.38,5,Yes,5,3,4
0,94,5.34,7.17,5,Yes,10,2,9
0,121,8.94,7.31,8,Yes,2,5,4
0,102,7.67,8.73,6,Yes,10,2,0
0,106,6.14,7.0,8,Yes,10,10,2
0,95,7.34,7.57,9,No,9,5,6
0,71,5.44,7.37,6,No,6,10,8
0,107,8.86,5.17,9,Yes,6,6,4
1,146,5.7,7.77,7,No,7,8,3
1,121,7.59,8.73,6,Yes,4,6,2
0,109,5.98,5.71,8,Yes,1,4,9
0,106,7.87,7.67,8,No,2,3,8
0,110,8.11,7.67,6,No,8,2,6
0,118,7.69,5.74,8,Yes,5,1,6
0,92,7.46,5.56,6,No,7,2,7
1,126,8.57,9.41,5,No,7,2,9
0,120,5.31,6.77,8,Yes,4,5,0
1,120,6.32,6.02,6,Yes,0,9,10
0,116,5.99,5.77,6,No,5,1,3
0,110,8.95,8.0,8,Yes,6,4,4
1,120,6.56,7.74,5,Yes,8,10,4
0,118,7.93,7.9,8,No,1,7,0
0,104,7.74,5.4,6,Yes,1,10,2
0,101,5.85,9.02,5,Yes,9,3,1
1,111,5.96,6.75,9,Yes,0,8,6
0,133,6.13,6.41,7,No,4,3,4
0,91,6.64,7.08,8,Yes,1,8,2
0,87,5.94,6.76,6,Yes,2,2,10
1,112,5.08,8.89,5,Yes,1,5,7
0,110,8.52,9.18,5,Yes,10,4,0
0,112,8.86,6.37,9,No,3,9,0
1,113,6.37,8.89,8,No,10,3,5
0,106,6.35,8.52,5,Yes,2,5,0
1,132,5.03,9.19,9,No,8,10,3
0,85,7.72,6.11,6,No,9,9,5
0,97,8.3,7.6,9,No,1,6,0
0,108,5.59,6.24,8,Yes,6,2,8
0,85,5.64,8.71,9,Yes,10,1,3
0,107,8.16,5.02,5,No,2,1,8
0,134,7.47,7.54,5,Yes,9,7,8
0,110,5.18,6.53,7,Yes,7,2,5
0,113,7.49,6.45,9,No,3,7,6
0,91,6.24,7.9,6,No,3,1,0
0,100,6.47,8.83,8,Yes,8,4,4
0,104,8.08,7.74,7,No,10,10,2
0,105,8.24,8.84,9,Yes,2,4,9
0,129,6.6,6.19,6,No,6,5,9
1,118,8.79,7.34,7,Yes,0,10,5
0,93,6.63,7.03,5,Yes,6,1,3
0,113,8.09,5.05,8,Yes,9,7,8
0,117,6.94,7.51,9,Yes,10,2,6
0,127,8.59,7.98,6,Yes,1,2,3
1,133,8.63,7.66,5,Yes,5,8,10
1,94,5.35,8.31,7,No,8,9,5
0,97,8.75,7.57,8,Yes,5,6,1
0,91,8.3,5.3,7,No,2,1,2
0,106,8.17,5.52,7,Yes,0,1,10
0,116,5.8,7.68,6,No,3,7,6
1,124,8.22,6.24,5,Yes,3,8,10
0,108,8.4,5.36,9,Yes,7,3,3
0,105,6.16,6.93,6,Yes,9,9,9
0,112,8.81,7.49,8,Yes,9,4,6
0,97,5.2,6.48,7,No,6,4,8
1,141,5.6,8.24,8,No,9,3,4
0,85,7.15,7.9,6,Yes,6,8,0
1,112,7.3,6.5,6,Yes,6,9,4
1,140,7.58,8.4,9,Yes,1,1,5
0,110,5.07,7.92,7,Yes,8,2,10
0,107,8.84,7.87,6,No,5,1,1
0,104,5.18,7.49,8,Yes,1,4,7
0,107,5.57,5.05,9,Yes,0,10,1
1,130,5.06,8.13,8,Yes,10,7,8
0,76,7.27,6.69,7,Yes,0,7,1
1,133,8.73,9.24,9,Yes,0,6,2
0,88,7.66,8.68,9,Yes,3,5,7
0,106,8.29,7.64,9,Yes,3,4,10
0,103,5.05,6.13,5,Yes,8,8,5
0,118,7.17,5.92,9,Yes,0,7,0
0,86,6.84,6.53,8,No,2,10,3
0,116,7.0,7.14,8,Yes,2,1,4
0,140,5.29,6.33,7,Yes,7,6,10
0,89,7.74,7.32,6,Yes,1,2,2
0,112,7.01,5.74,6,Yes,5,4,0
0,100,8.06,9.4,5,Yes,10,5,2
1,116,6.94,5.49,9,No,3,8,8
0,110,5.6,9.19,5,No,9,6,1
0,100,7.59,9.11,7,Yes,5,2,0
0,117,5.69,7.36,7,No,4,5,6
1,137,8.49,8.26,6,Yes,8,5,6
0,107,7.45,6.96,7,Yes,8,6,4
0,120,5.63,7.84,9,No,0,1,1
0,90,8.85,6.53,8,No,2,8,0
0,95,7.07,6.36,7,No,0,3,4
0,117,5.29,7.6,5,Yes,5,5,9
0,132,7.51,7.24,9,Yes,2,7,3
0,115,6.01,7.61,7,Yes,0,3,8
0,105,8.21,6.29,7,No,5,10,4
0,109,8.27,6.65,9,Yes,4,6,10
0,91,8.92,5.38,7,No,7,5,9
0,119,7.01,5.24,8,Yes,1,7,1
1,123,6.82,6.14,6,Yes,7,10,3
0,103,8.01,5.33,9,No,4,3,8
0,102,5.53,5.47,5,No,7,2,7
1,113,7.19,8.66,7,Yes,9,4,2
0,103,7.18,5.17,6,No,3,3,7
0,109,5.36,7.97,5,Yes,3,4,1
0,141,6.67,6.23,5,Yes,9,7,2
0,106,8.41,8.92,8,No,3,5,4
0,104,8.42,7.18,6,No,10,4,10
0,100,5.4,6.38,9,No,5,6,9
0,121,5.36,7.33,6,No,3,7,9
0,107,6.05,6.72,6,No,8,5,7
0,100,8.5,7.54,5,No,8,7,0
0,129,5.52,5.52,8,Yes,2,3,3
0,131,7.88,9.49,8,No,6,7,0
0,100,5.4,6.92,6,No,4,3,0
0,82,7.49,6.57,6,Yes,8,6,4
1,125,6.42,8.2,7,Yes,1,8,5
0,99,8.16,6.64,5,Yes,2,6,0
1,121,5.93,8.75,9,No,9,10,10
0,80,7.56,7.04,9,Yes,4,3,5
1,123,5.94,8.24,8,No,4,5,4
0,91,7.85,5.48,5,Yes,9,9,3
1,120,8.49,8.81,8,Yes,6,8,9
0,110,5.51,8.31,9,No,7,6,4
0,95,8.47,5.95,6,Yes,7,9,7
0,103,7.37,5.65,5,Yes,0,2,8
1,120,5.51,6.42,5,Yes,0,9,10
1,111,6.71,9.39,7,No,2,10,1
1,118,5.64,6.16,6,No,0,10,5
0,139,7.8,7.05,6,No,0,6,2
0,86,8.04,5.14,8,No,9,9,1
0,134,5.42,6.79,5,Yes,7,4,0
0,111,7.02,7.57,8,Yes,0,5,3
0,96,8.26,9.29,6,Yes,8,2,7
0,90,8.74,7.33,7,Yes,1,3,2
0,107,7.05,8.69,5,Yes,8,1,4
0,123,8.8,7.46,6,Yes,6,4,9
0,108,7.14,5.18,7,No,8,2,4
0,132,6.58,6.42,9,Yes,2,2,4
0,88,8.39,7.59,6,No,0,1,10
1,109,6.97,9.28,9,No,0,10,8
0,91,6.89,8.87,8,No,10,2,7
0,115,6.96,6.03,9,No,9,4,7
0,123,8.39,5.99,6,No,5,6,0
0,103,8.33,5.91,9,Yes,6,7,0
0,70,6.61,9.15,5,Yes,8,7,1
1,112,6.33,8.84,6,Yes,5,7,7
1,116,6.97,8.49,7,Yes,4,4,9
0,116,7.29,6.77,9,No,1,5,0
0,128,5.95,7.27,5,No,1,3,3
0,93,8.18,7.09,8,No,7,1,8
0,120,6.95,6.14,8,Yes,0,8,1
1,127,6.34,7.27,9,No,7,10,2
0,83,5.43,5.14,8,Yes,10,7,10
1,114,5.96,5.59,7,No,9,9,5
1,102,8.8,8.99,6,Yes,10,10,10
0,108,6.22,8.38,5,Yes,6,4,9
0,115,5.68,6.9,9,Yes,6,5,2
0,102,6.84,7.33,8,No,4,5,3
0,99,6.23,6.66,6,Yes,2,7,8
1,110,5.14,8.33,7,Yes,6,9,8
1,93,6.29,8.53,8,No,6,8,9
0,93,7.18,8.43,8,No,6,7,4
1,120,7.21,8.25,5,Yes,10,1,6
0,92,6.43,5.92,7,No,1,10,8
0,119,6.79,6.52,7,Yes,2,6,7
1,116,8.86,7.11,9,Yes,2,10,10
0,84,6.51,6.49,5,Yes,3,9,6
0,99,6.03,8.4,9,Yes,8,7,7
0,127,5.97,6.48,5,Yes,9,1,4
0,95,6.83,5.62,7,Yes,0,9,4
0,103,8.04,6.8,5,Yes,6,3,4
1,116,5.82,9.41,5,No,6,9,0
0,121,7.84,6.02,5,No,10,4,5
0,106,5.08,7.75,6,Yes,3,9,4
0,101,6.68,6.95,6,Yes,10,8,7
0,131,8.1,5.32,7,No,0,7,7
0,136,6.35,7.2,5,No,2,4,1
1,124,7.25,8.16,7,No,4,9,10
0,111,5.82,7.31,6,Yes,1,4,5
0,97,7.97,8.92,5,Yes,6,1,10
0,97,5.21,6.3,9,No,9,6,9
0,117,8.41,5.39,6,Yes,9,4,9
1,116,5.79,9.21,6,No,6,10,5
0,131,8.5,6.7,6,No,9,3,2
0,119,6.41,7.59,5,Yes,4,5,0
0,87,7.89,8.56,8,Yes,9,3,6
1,125,6.28,6.46,9,No,5,9,9
0,95,8.62,8.22,9,Yes,0,6,4
0,104,5.51,5.61,7,Yes,3,3,9
0,113,5.71,6.31,5,No,3,5,4
1,139,6.97,5.65,6,No,10,8,10
1,156,5.33,8.65,8,Yes,7,8,7
0,119,5.78,6.0,5,Yes,1,6,4
0,107,8.78,8.23,5,No,0,5,4
0,118,8.91,9.24,8,No,6,5,0
0,123,6.51,7.37,6,No,5,1,1
0,105,8.69,7.43,5,No,4,2,4
0,136,7.18,7.07,9,Yes,7,4,6
0,113,6.08,6.47,9,Yes,10,6,2
0,117,7.81,7.14,8,Yes,1,7,0
0,119,7.64,7.71,6,Yes,1,1,10
1,116,8.96,9.44,8,Yes,8,8,1
1,122,6.06,9.22,5,Yes,0,1,2
1,100,7.69,8.88,9,No,5,9,8
0,101,5.21,9.0,7,No,2,4,7
0,93,5.45,7.11,8,No,4,7,3
0,116,5.02,7.96,7,Yes,7,6,7
1,121,9.0,9.03,7,Yes,6,9,8
0,116,8.21,6.77,9,Yes,3,2,2
1,135,8.15,9.33,8,No,7,7,5
0,109,7.04,6.87,7,Yes,10,5,7
0,120,6.2,7.7,5,Yes,10,7,9
0,93,5.61,8.19,6,Yes,9,1,6
1,104,6.14,9.28,6,No,10,10,8
1,120,6.5,6.1,9,No,1,9,6
0,122,8.03,8.36,8,No,6,1,0
0,105,7.16,7.34,8,Yes,4,5,8
0,108,5.31,6.21,6,Yes,10,8,4
0,87,5.07,8.49,5,Yes,5,1,5
0,104,5.41,7.49,6,Yes,2,7,1
0,123,6.64,7.97,6,Yes,10,2,1
0,118,8.73,6.45,8,Yes,9,7,3
0,117,7.55,7.17,7,Yes,6,7,3
0,110,8.21,7.78,5,Yes,6,9,4
0,110,6.87,6.82,8,Yes,1,6,6
0,100,6.45,5.89,6,No,0,4,10
0,120,5.43,9.33,7,No,9,7,0
0,116,8.5,7.3,5,No,1,7,9
1,117,8.13,8.3,9,Yes,7,4,3
0,102,5.67,6.85,5,Yes,10,2,8
0,77,7.05,6.6,5,No,9,9,7
1,126,6.95,6.83,6,Yes,2,8,2
0,102,7.5,6.84,6,No,10,5,5
0,97,8.78,7.45,9,Yes,3,5,10
0,120,7.32,7.45,9,No,7,1,8
0,104,7.16,7.24,9,No,2,9,7
1,125,5.2,5.61,8,No,5,10,6
1,119,5.25,7.23,8,No,1,8,6
0,120,5.75,5.76,6,Yes,2,5,0
0,89,5.13,5.57,6,Yes,0,10,4
1,128,7.97,9.2,9,Yes,8,6,6
0,113,7.89,7.72,8,Yes,3,10,1
0,104,5.54,7.97,7,Yes,5,10,5
0,112,8.34,6.81,8,Yes,6,8,1
0,83,5.62,9.09,6,No,1,6,2
0,116,6.2,7.87,8,Yes,7,10,0
0,94,6.0,8.46,6,Yes,8,4,2
0,89,6.49,6.66,9,Yes,9,3,6
0,87,6.02,9.32,9,Yes,10,7,4
1,126,6.96,8.69,9,Yes,1,2,3
0,100,6.63,8.84,7,No,4,7,7
0,133,8.95,5.77,7,Yes,1,1,7
0,101,5.22,6.22,6,Yes,10,10,0
0,84,5.57,6.29,5,Yes,4,5,8
0,93,5.21,6.22,7,Yes,6,9,8
0,128,7.5,8.85,6,No,5,1,1
0,107,5.22,5.14,8,Yes,3,8,1
0,101,8.35,5.34,9,Yes,1,9,7
1,112,7.05,6.23,9,Yes,6,9,10
1,117,7.11,5.9,9,No,9,8,5
0,126,7.25,6.04,6,Yes,8,4,2
0,131,5.68,8.59,9,No,0,7,1
0,104,5.79,7.53,7,Yes,2,1,4
0,90,6.28,5.03,8,Yes,6,7,7
0,103,7.37,6.93,9,No,8,6,5
0,113,5.84,6.84,6,Yes,4,5,2
0,95,5.47,5.51,8,Yes,6,1,8
1,95,8.88,8.04,9,Yes,9,8,7
1,115,5.09,8.16,5,Yes,6,10,9
0,109,8.21,8.24,9,No,3,1,5
0,110,8.15,8.28,7,Yes,4,1,0
0,98,6.19,5.0,8,No,1,3,1
1,106,5.54,9.29,7,Yes,7,8,3
0,96,5.58,8.66,5,Yes,0,8,1
1,123,7.79,9.07,5,No,1,7,2
0,125,7.57,5.07,7,Yes,2,5,7
1,82,8.13,9.2,8,Yes,6,8,8
0,96,8.75,8.64,5,Yes,5,2,5
1,87,7.77,8.77,5,Yes,6,8,3
0,100,5.62,5.42,9,No,10,2,10
0,108,5.97,8.32,6,Yes,4,10,1
0,88,8.37,9.32,5,Yes,3,5,6
0,96,5.84,8.05,8,No,6,4,9
0,94,5.29,7.57,8,Yes,2,1,10
1,113,7.81,9.26,9,Yes,9,5,6
0,111,6.61,6.99,8,Yes,6,7,9
0,99,8.68,7.7,9,No,1,1,8
0,112,7.6,7.14,5,No,7,2,4
1,101,5.36,9.2,5,No,5,9,9
0,105,8.79,5.34,5,Yes,2,5,3
0,135,6.03,7.26,5,No,2,7,9
1,130,6.35,8.09,6,Yes,4,2,5
0,90,6.61,8.56,6,Yes,2,7,1
0,122,5.2,7.62,5,No,5,7,1
1,122,6.99,9.09,8,Yes,1,7,8
0,92,5.49,9.24,9,Yes,7,5,6
1,122,6.6,5.29,7,No,10,9,6
0,133,6.4,6.81,9,No,10,2,4
0,93,8.09,5.11,7,Yes,8,4,6
0,96,8.21,6.48,7,Yes,6,2,8
1,125,5.61,7.42,5,Yes,2,8,9
1,114,6.47,9.1,7,Yes,10,1,4
1,118,6.49,8.81,5,Yes,9,9,8
0,115,5.61,5.57,6,Yes,3,5,0
0,115,8.19,5.42,8,No,9,3,2
0,90,7.83,7.65,7,Yes,1,4,6
0,125,5.76,7.39,8,Yes,8,1,3
0,127,6.47,6.2,5,Yes,4,3,1
1,106,5.42,9.05,7,Yes,1,8,2
0,109,7.51,9.17,9,Yes,9,2,6
0,87,5.49,6.81,6,No,5,2,7
1,117,8.94,9.01,6,No,6,9,10
0,118,8.12,6.73,7,Yes,1,5,8
0,109,6.56,8.32,6,No,0,5,5
0,126,7.31,7.14,9,Yes,6,1,9
0,104,8.65,5.55,8,No,0,6,8
1,118,7.22,9.18,9,Yes,2,8,3
0,94,5.7,7.04,6,No,3,6,4
0,109,6.51,8.31,8,Yes,1,7,0
0,107,8.37,6.65,9,Yes,6,4,8
0,113,7.58,5.08,5,No,4,2,8
0,104,7.6,5.45,5,Yes,0,1,8
0,108,8.47,7.23,8,Yes,7,6,2
1,122,8.58,8.1,8,Yes,9,9,9
0,103,8.68,6.51,8,No,6,10,9
0,85,5.38,8.13,5,Yes,3,5,9
1,136,7.18,8.14,9,Yes,1,2,7
1,130,7.96,8.17,8,No,6,1,2
0,90,8.03,7.22,5,Yes,10,3,5
1,120,7.43,9.12,8,Yes,1,4,4
0,102,5.67,7.2,8,No,5,7,7
1,113,8.19,7.03,8,No,0,9,2
0,114,7.88,5.9,5,No,6,8,0
0,106,5.34,6.38,9,Yes,6,9,8
0,98,6.86,5.19,5,Yes,3,7,9
0,99,5.7,7.85,5,No,3,10,8
0,96,6.35,6.12,8,No,9,8,2
0,97,5.07,6.37,7,No,4,8,1
0,108,6.6,8.47,7,Yes,1,1,3
0,99,7.2,6.47,7,Yes,8,9,7
0,120,7.48,6.09,5,Yes,9,2,5
0,132,7.65,5.76,8,No,3,7,9
0,101,8.35,8.49,7,Yes,10,10,0
1,113,5.86,5.58,6,Yes,8,10,7
0,117,5.48,7.04,6,Yes,2,5,4
0,117,8.41,7.28,6,Yes,8,4,5
1,111,5.63,8.09,9,Yes,0,1,4
0,121,8.9,7.85,8,No,6,1,9
1,117,8.37,8.65,5,Yes,3,3,4
0,91,7.0,5.2,5,Yes,6,1,2
1,123,8.93,6.33,8,Yes,9,8,3
0,123,5.39,6.26,9,No,5,3,4
0,98,6.21,5.66,8,No,3,10,10
0,110,7.55,6.3,9,No,3,2,10
0,120,6.4,6.39,7,No,7,6,1
0,106,8.71,7.35,7,Yes,6,4,5
0,126,5.26,7.99,9,No,3,4,1
0,145,7.2,6.71,8,No,10,2,3
0,98,7.36,8.24,7,Yes,5,2,0
0,89,7.61,6.51,8,Yes,5,6,3
0,114,6.02,6.31,7,No,0,5,6
1,120,6.46,7.44,8,No,1,9,7
0,106,8.37,5.11,8,Yes,3,4,1
0,131,5.78,5.36,6,No,5,5,2
0,89,8.31,6.88,9,Yes,5,1,0
1,120,7.25,9.24,5,Yes,0,2,6
0,100,8.05,8.25,9,No,7,3,3
0,135,7.85,5.4,8,Yes,1,5,10
1,139,5.83,8.81,8,No,4,5,9
0,98,7.28,8.3,9,Yes,3,4,7
0,101,8.47,7.75,8,Yes,4,10,4
1,122,6.73,8.69,7,Yes,4,3,8
0,104,8.87,6.82,8,Yes,9,9,5
0,109,6.81,6.0,9,Yes,7,1,10
0,110,5.57,7.3,9,No,9,6,9
0,81,6.56,7.47,9,Yes,6,7,1
0,109,8.81,7.42,6,Yes,8,10,0
0,99,6.28,7.54,6,Yes,10,4,0
1,102,8.47,9.27,6,No,0,10,8
0,131,8.53,9.06,6,Yes,5,3,0
1,91,6.4,8.94,6,Yes,5,8,2
1,122,5.33,8.61,6,Yes,1,9,1
0,105,7.9,9.25,6,Yes,10,1,3
0,105,6.25,5.44,9,Yes,7,10,0
0,121,8.13,6.19,5,No,5,9,0
0,115,6.77,7.23,6,No,10,7,3
1,118,6.94,8.81,9,Yes,9,1,3
0,124,8.11,7.27,5,No,8,7,6
0,105,6.53,8.37,6,No,9,5,7
0,100,6.77,5.63,5,No,4,10,7
0,93,6.5,6.14,5,No,6,7,7
1,97,6.47,8.29,7,No,5,9,8
0,154,7.1,5.74,8,Yes,10,8,0
0,128,8.24,6.58,7,Yes,4,6,8
0,89,6.45,6.19,5,Yes,5,2,9
0,90,7.1,6.57,9,No,3,8,7
0,117,7.68,8.19,6,Yes,2,4,0
1,118,6.08,6.66,8,Yes,0,8,6
0,118,6.11,7.5,6,Yes,0,7,8
0,106,8.73,5.45,9,No,5,4,3
1,108,7.89,8.62,8,No,8,8,8
0,114,7.31,6.66,7,Yes,7,2,0
1,111,7.59,7.92,5,Yes,1,9,8
0,76,5.12,8.26,9,No,8,6,5
0,106,7.47,5.94,5,Yes,7,7,3
1,97,7.04,8.98,5,Yes,8,10,4
0,112,7.18,7.77,6,Yes,3,1,6
0,154,6.44,6.93,9,No,8,3,9
1,115,5.33,5.82,5,Yes,1,10,3
0,105,5.77,9.24,7,Yes,0,5,7
1,123,8.8,8.4,8,No,8,7,2
0,117,6.63,5.94,9,Yes,9,1,1
0,116,6.87,6.52,6,Yes,7,9,0
1,119,5.21,8.64,9,Yes,6,5,5
0,140,5.15,8.13,6,No,7,3,1
0,93,7.87,8.45,8,Yes,0,7,7
1,117,7.15,6.99,7,No,8,10,10
1,96,7.03,8.22,5,No,9,8,9
1,118,5.97,6.74,9,No,10,10,3
0,96,7.98,5.95,6,No,8,10,8
0,103,5.67,7.85,8,No,10,3,3
0,105,5.76,9.39,5,No,8,7,3
0,124,6.84,6.4,8,No,5,7,7
0,123,6.15,7.07,7,No,3,4,7
1,91,5.99,8.03,5,No,1,10,4
0,110,7.58,7.44,5,Yes,10,9,2
0,99,7.6,8.8,5,Yes,3,1,1
0,91,8.3,8.43,6,Yes,6,1,8
0,106,6.67,5.26,5,No,0,5,8
0,105,5.29,9.49,8,No,8,3,4
1,146,6.09,8.39,6,Yes,2,10,7
1,116,8.92,8.89,5,Yes,3,9,6
0,89,7.39,7.93,8,Yes,4,5,2
0,101,7.84,8.85,8,Yes,2,7,4
0,125,5.03,5.51,9,No,3,1,8
0,141,7.07,6.56,8,Yes,4,2,3
0,86,5.15,8.94,7,Yes,0,4,2
0,81,7.28,5.91,5,Yes,8,9,6
0,138,8.68,5.35,5,Yes,9,5,7
1,115,8.87,8.55,5,No,9,5,4
1,96,7.16,8.76,8,Yes,3,9,7
1,118,6.83,5.73,8,No,8,8,4
0,70,8.78,8.84,5,Yes,3,2,8
0,110,7.69,8.09,6,Yes,0,7,6
0,114,5.26,7.34,6,No,4,1,4
1,123,6.86,8.74,7,No,8,10,8
0,94,5.96,6.89,9,Yes,2,9,4
0,111,6.88,5.87,7,Yes,4,3,7
0,96,6.82,6.28,5,Yes,2,2,3
0,113,7.33,7.27,5,No,2,4,8
0,96,6.43,7.39,5,Yes,0,4,5
0,103,5.66,8.63,9,Yes,1,3,5
0,95,7.01,8.56,8,No,1,2,2
0,119,8.32,7.62,9,Yes,8,5,2
1,122,7.66,8.51,7,Yes,6,4,3
0,106,6.35,5.86,8,Yes,7,5,0
0,110,8.74,5.23,8,No,1,8,5
0,88,8.65,8.93,7,Yes,8,2,0
0,105,5.84,5.34,8,No,2,9,10
0,109,5.16,6.11,6,Yes,9,10,3
1,149,7.97,8.13,7,No,1,1,6
0,93,8.31,6.84,7,Yes,0,8,5
1,131,8.87,8.94,6,Yes,8,5,7
0,124,8.56,6.34,9,No,7,2,3
1,114,7.4,5.05,9,No,10,8,8
0,136,7.12,6.35,9,No,3,5,9
1,115,5.11,7.6,8,No,6,10,7
1,115,5.99,6.69,6,Yes,2,10,4
0,109,6.84,7.41,7,Yes,2,3,5
1,128,7.51,8.94,7,Yes,3,7,4
1,126,7.23,9.11,7,No,1,4,5
0,100,7.97,6.2,8,Yes,9,10,0
0,90,6.12,7.08,8,No,3,6,3
0,106,7.26,7.47,9,Yes,9,10,8
1,97,5.35,9.27,8,No,2,8,3
0,109,6.65,9.49,9,Yes,7,1,1
0,128,8.0,6.06,9,Yes,10,2,5
0,103,7.77,8.27,7,No,1,8,1
0,109,8.96,6.7,8,Yes,10,7,2
0,110,6.11,5.04,9,No,8,10,6
1,122,6.99,5.04,6,No,2,9,3
0,76,6.32,7.07,6,Yes,3,2,0
0,100,6.76,7.2,8,No,9,8,8
0,113,8.43,5.1,7,No,9,6,5
1,128,7.74,8.09,7,No,2,1,8
0,102,8.53,6.32,9,Yes,2,4,2
0,81,5.81,7.52,8,Yes,7,2,4
0,119,8.49,6.35,6,No,7,7,8
0,100,5.24,5.75,9,No,5,9,5
0,92,8.55,6.83,9,Yes,3,6,1
0,100,6.32,6.05,5,Yes,0,4,0
0,107,6.26,7.41,8,Yes,3,5,8
0,100,7.05,5.89,9,Yes,7,1,0
0,76,8.76,7.29,6,No,5,4,4
0,123,5.19,5.71,5,No,1,10,0
1,129,6.41,8.02,6,Yes,2,3,4
1,119,8.43,8.39,7,No,6,9,4
0,92,6.58,5.5,5,Yes,10,6,6
0,106,5.8,7.11,5,No,10,4,6
0,109,6.7,5.32,9,Yes,3,3,10
0,118,6.54,7.69,7,Yes,3,4,9
0,120,8.66,6.19,9,No,4,8,0
0,98,8.05,7.37,8,Yes,7,5,8
0,111,7.02,7.33,6,Yes,6,1,0
1,116,8.95,9.16,6,Yes,8,5,4
1,131,6.86,7.47,9,Yes,4,8,6
0,120,5.23,7.62,6,Yes,0,4,7
0,121,6.05,6.81,6,Yes,3,2,1
0,111,6.74,9.27,8,No,5,3,0
1,131,5.63,8.5,7,No,5,9,3
0,116,8.79,6.28,5,Yes,8,7,3
0,97,8.07,8.8,9,No,9,3,9
0,131,6.07,6.95,9,Yes,4,5,5
0,120,7.36,8.73,8,Yes,4,3,0
0,103,7.89,8.7,8,Yes,5,10,0
0,102,8.77,5.85,5,Yes,10,4,2
1,114,8.53,8.16,7,No,5,8,4
0,116,7.06,6.31,9,Yes,2,3,5
0,112,8.1,6.34,8,No,5,3,4
1,114,7.25,6.33,9,Yes,7,8,4
1,135,7.21,8.27,6,Yes,5,10,8
0,126,5.46,6.03,9,No,10,10,1
0,112,5.5,5.0,7,Yes,4,7,0
1,124,7.12,8.22,7,Yes,2,7,5
0,94,6.08,5.77,9,Yes,0,10,8
0,115,5.08,5.47,6,Yes,4,2,6
0,137,7.89,6.07,7,No,5,7,7
0,106,5.13,6.71,8,Yes,5,10,4
0,97,7.38,7.14,9,Yes,5,10,9
0,100,7.16,5.2,6,No,2,3,3
0,93,8.88,9.37,8,Yes,3,7,5
0,98,6.94,8.22,9,Yes,2,4,2
0,104,5.25,6.45,6,Yes,1,8,0
0,88,7.21,6.43,8,Yes,7,8,10
0,110,8.36,7.02,7,Yes,6,6,3
0,123,8.99,7.82,9,Yes,10,3,8
0,96,6.72,5.66,9,No,7,6,3
0,132,6.28,5.85,7,Yes,5,6,0
1,117,8.63,8.87,5,Yes,10,3,3
0,125,5.76,6.15,8,Yes,6,4,6
0,100,7.46,6.71,7,Yes,0,2,2
1,122,6.62,8.92,9,No,9,1,9
0,93,5.16,7.98,8,Yes,4,2,5
0,123,6.39,6.54,8,Yes,3,7,0
1,112,6.06,8.08,5,Yes,9,10,10
0,118,7.74,5.09,9,Yes,2,5,3
1,92,8.8,8.31,6,No,1,9,2
0,96,6.07,7.19,5,Yes,8,3,0
1,118,8.25,8.66,5,Yes,7,2,2
0,95,5.22,9.3,6,Yes,9,4,3
1,116,7.15,9.17,6,Yes,1,2,4
0,89,5.28,9.09,5,Yes,5,7,5
0,122,8.74,7.3,8,Yes,2,10,1
0,91,8.07,6.62,7,No,2,6,1
1,118,7.63,7.09,7,Yes,4,8,5
1,119,8.3,8.1,5,No,6,5,4
0,99,7.59,8.98,8,Yes,6,2,0
0,118,8.88,5.93,6,No,10,4,2
1,113,7.86,9.13,5,Yes,9,1,10
0,101,8.7,8.67,9,No,0,2,4
0,94,7.07,9.4,8,Yes,10,4,1
0,80,5.47,8.96,9,Yes,6,6,0
0,115,7.11,6.26,9,No,6,4,8
0,86,5.51,5.48,5,Yes,5,4,4
0,111,7.37,5.51,8,Yes,5,10,1
0,106,6.93,6.31,9,Yes,1,10,9
0,120,7.49,7.76,8,Yes,2,2,3
1,105,5.04,8.62,7,Yes,2,9,2
1,105,5.78,9.05,9,Yes,2,10,6
0,120,6.97,7.81,9,Yes,1,8,0
1,115,8.8,5.03,8,Yes,8,8,9
0,114,6.53,5.84,7,Yes,5,5,3
0,117,6.7,5.45,9,Yes,1,3,6
0,86,7.86,6.63,5,Yes,2,6,10
1,121,7.42,7.26,8,No,9,9,9
1,119,6.2,5.2,8,Yes,5,8,4
0,94,6.64,6.57,9,No,3,7,3
0,106,5.87,5.81,7,No,6,8,3
0,109,8.86,7.91,9,No,5,4,10
0,107,5.52,7.09,6,No,5,6,1
0,115,6.49,7.23,9,No,2,5,7
0,131,5.1,6.92,6,Yes,10,2,3
1,126,5.89,9.3,5,Yes,7,8,1
0,90,8.12,5.97,8,Yes,8,3,8
0,119,5.8,7.32,8,No,5,5,9
1,129,5.32,8.31,7,No,1,8,6
1,115,6.9,7.51,9,No,0,9,2
1,126,5.04,9.18,5,No,2,9,6
0,140,5.34,6.7,6,No,2,5,0
0,125,8.23,7.09,7,Yes,7,2,0
0,113,8.09,5.4,5,No,4,7,3
0,125,8.66,7.74,5,Yes,0,7,3
1,112,8.42,6.3,6,Yes,10,8,3
0,110,7.73,5.72,6,Yes,3,8,8
0,104,5.21,7.45,8,Yes,6,5,5
0,133,8.13,7.4,9,No,4,1,2
0,97,8.38,5.34,7,Yes,9,4,5
0,132,8.2,8.14,9,No,5,4,1
0,117,7.03,7.81,7,Yes,9,3,1
0,89,5.93,5.85,5,Yes,3,8,6
0,115,8.38,7.11,6,No,1,3,2
0,78,7.91,8.24,6,No,8,5,6
0,119,8.92,7.38,5,Yes,1,2,2
0,123,5.62,6.78,5,Yes,1,6,1
0,101,5.9,6.45,7,Yes,1,6,3
1,111,5.85,7.75,5,No,0,8,3
1,139,8.17,9.23,7,No,2,8,2
0,102,5.75,8.02,9,Yes,5,1,8
0,94,5.27,5.34,6,Yes,6,5,5
0,132,8.99,7.07,6,No,0,2,4
1,139,5.1,9.01,6,No,4,10,5
0,110,8.34,5.43,9,No,4,5,10
1,125,6.46,9.45,9,Yes,0,10,7
1,130,8.37,9.27,8,No,3,9,4
0,98,7.22,5.35,7,No,9,4,3
1,102,8.61,9.2,7,No,0,8,6
0,128,8.7,6.63,8,Yes,0,1,4
1,135,5.04,8.8,6,No,6,8,3
0,118,5.3,6.88,7,No,6,6,4
0,96,6.0,6.98,7,No,2,8,10
0,139,7.68,7.85,6,Yes,6,6,3
0,102,8.55,8.49,5,Yes,2,3,7
0,104,6.84,5.15,5,Yes,1,8,7
0,115,7.43,7.67,8,Yes,9,5,0
1,133,5.75,5.84,9,Yes,3,10,2
0,122,8.22,6.56,7,Yes,9,5,10
0,116,8.87,6.57,7,Yes,2,7,3
0,116,6.07,7.11,8,No,6,6,1
0,110,6.98,6.5,8,Yes,0,9,4
0,118,5.34,5.48,7,Yes,5,7,10
0,72,7.24,5.66,6,No,1,3,7
0,105,7.01,5.15,6,Yes,7,5,1
1,113,5.58,7.12,9,Yes,4,9,8
1,92,6.77,9.3,7,Yes,2,10,6
0,115,6.34,5.52,7,Yes,9,2,5
0,106,7.09,9.26,7,Yes,6,1,7
1,136,7.34,8.3,7,Yes,10,8,1
1,133,5.03,7.87,8,No,1,8,4
0,103,8.04,7.9,5,Yes,4,2,3
1,107,7.85,8.72,7,Yes,10,8,7
0,108,6.47,5.48,5,No,7,5,0
0,103,5.21,7.27,6,Yes,10,2,2
1,112,8.02,8.14,9,Yes,0,7,9
0,98,8.82,7.64,6,No,0,7,7
0,93,5.96,8.75,7,Yes,2,3,4
0,119,6.29,5.33,6,No,2,1,3
1,119,5.74,8.11,8,Yes,6,4,5
0,97,7.31,7.4,5,No,5,2,4
0,123,5.62,6.71,7,Yes,6,4,2
0,100,6.42,6.53,8,Yes,3,8,10
0,113,7.79,7.79,5,No,10,2,4
1,122,7.24,9.01,8,No,1,1,3
0,109,6.55,7.23,6,No,1,3,0
1,116,6.68,8.71,7,No,9,10,0
0,102,7.25,6.81,6,No,0,7,6
0,107,5.02,5.46,9,Yes,8,6,3
0,106,5.31,5.28,7,Yes,6,6,0
0,98,8.53,5.23,6,Yes,9,7,5
0,107,5.31,6.71,7,No,2,8,10
0,86,7.83,6.52,5,No,1,3,10
0,102,8.68,8.23,7,No,2,3,10
1,105,6.08,8.34,7,No,6,10,10
0,106,6.48,5.23,5,No,4,8,0
0,106,7.28,6.0,6,Yes,2,7,7
0,109,8.53,6.23,7,Yes,8,10,8
0,117,8.77,7.46,8,No,1,5,10
0,123,7.96,5.65,7,Yes,6,4,2
0,100,5.35,5.6,6,Yes,9,6,6
1,91,7.68,9.25,5,Yes,5,9,4
0,94,6.64,8.62,6,Yes,5,6,2
0,102,6.88,5.81,9,No,6,8,4
0,104,5.2,6.83,7,Yes,5,1,9
0,98,5.76,6.6,7,No,1,6,6
0,90,8.16,8.56,5,Yes,10,2,6
0,103,6.82,7.3,7,No,4,3,8
0,112,6.21,5.58,8,No,2,6,7
1,118,6.54,8.33,8,No,8,2,3
0,101,8.42,6.79,6,No,7,4,4
0,103,8.0,6.18,5,Yes,9,6,4
0,96,6.09,6.69,9,Yes,10,5,9
0,109,5.47,7.24,6,Yes,1,6,1
0,97,6.01,6.54,5,No,0,6,6
1,118,8.68,6.09,5,No,3,8,6
0,83,7.33,6.79,6,Yes,3,9,8
0,104,7.13,5.09,6,No,9,5,8
1,114,7.39,8.48,7,Yes,10,6,3
0,112,6.46,5.77,9,Yes,1,6,4
0,150,8.23,5.2,8,No,6,6,6
0,115,7.09,7.94,7,Yes,2,2,9
0,94,5.47,8.48,5,Yes,6,4,6
0,108,5.52,8.66,9,No,6,1,10
0,83,7.15,7.22,9,No,0,1,9
0,108,8.75,5.92,6,Yes,5,1,10
0,97,6.23,8.32,9,No,3,7,7
1,123,8.48,8.15,9,Yes,10,1,7
0,101,8.06,6.11,5,Yes,7,6,1
0,108,5.99,9.07,7,No,7,2,8
0,100,5.15,5.47,9,Yes,2,6,10
1,136,5.41,9.42,6,Yes,3,6,3
0,105,7.91,8.87,7,Yes,0,3,0
1,137,5.8,8.1,6,No,9,8,0
1,122,6.49,9.22,9,Yes,1,4,4
1,117,7.01,8.25,7,Yes,6,7,6
0,115,7.9,5.86,9,Yes,10,4,4
0,115,5.45,6.99,5,Yes,6,1,2
0,81,6.63,5.32,7,Yes,8,6,10
0,105,6.94,6.75,6,Yes,9,5,6
1,122,7.16,8.34,5,No,8,9,0
0,109,8.27,6.74,8,No,8,9,10
0,88,5.69,6.49,6,No,5,8,0
0,109,8.23,7.68,9,Yes,7,7,1
0,135,7.77,8.92,6,Yes,8,2,0
1,128,7.22,5.21,8,Yes,6,8,8
0,109,7.8,6.73,6,Yes,3,3,3
0,124,6.65,5.71,5,Yes,3,6,6
1,104,5.55,8.13,6,No,5,10,4
0,84,7.66,5.48,7,Yes,10,7,6
0,96,7.1,7.99,8,Yes,3,6,6
0,133,7.56,6.29,6,Yes,10,5,0
0,105,6.35,5.9,8,Yes,6,4,0
0,106,8.63,9.21,5,No,7,2,10
0,105,7.35,5.08,7,Yes,7,9,2
0,138,5.34,6.97,9,No,7,7,9
0,134,6.8,5.1,6,Yes,1,7,1
0,143,8.03,7.18,5,No,9,4,6
0,107,8.18,7.25,8,Yes,1,5,2
0,114,6.98,6.45,8,No,1,6,6
0,87,8.58,5.59,5,Yes,1,2,8
0,132,6.07,6.69,6,Yes,3,4,10
0,92,6.64,8.03,9,Yes,4,4,0
1,113,8.59,8.52,6,Yes,3,4,2
0,93,8.59,7.39,7,Yes,4,7,10
0,101,7.74,7.65,6,No,3,7,5
0,97,8.44,5.9,7,Yes,6,7,8
0,100,5.36,6.29,8,Yes,9,7,4
0,101,8.46,5.73,7,No,0,2,2
0,101,6.28,6.12,9,Yes,0,5,7
1,122,5.71,6.01,5,Yes,1,10,4
0,93,5.96,7.34,7,No,0,2,5
0,113,6.67,7.53,6,No,9,5,1
1,128,6.0,9.25,7,No,9,6,3
0,102,6.28,5.88,8,No,10,3,0
0,99,5.54,7.89,7,Yes,2,6,3
0,106,6.18,8.68,9,No,5,5,0
0,127,7.29,7.52,7,Yes,9,4,3
0,112,6.77,6.15,9,Yes,10,10,1
0,102,6.39,6.18,6,No,5,9,5
1,117,7.99,5.18,8,Yes,0,8,5
0,93,8.57,6.37,5,Yes,5,7,7
1,120,8.03,8.35,6,Yes,4,1,8
1,116,6.33,5.21,6,Yes,6,9,7
0,105,7.98,5.99,5,Yes,5,9,0
0,97,5.61,8.18,7,Yes,6,6,2
0,96,5.52,8.52,7,Yes,1,7,5
0,118,6.38,7.05,7,Yes,0,3,0
1,128,8.23,8.14,8,Yes,6,5,7
0,100,5.99,6.75,6,Yes,8,7,5
0,116,5.25,5.72,9,No,1,1,0
0,78,5.53,6.79,5,Yes,6,1,9
0,101,8.43,7.61,6,No,2,5,1
1,109,7.54,9.27,7,Yes,5,9,5
0,96,6.01,5.31,5,Yes,2,7,9
0,95,7.22,7.28,9,Yes,9,1,7
0,99,7.11,6.48,6,Yes,10,5,4
0,114,7.62,7.29,6,Yes,10,8,0
0,107,5.93,5.11,8,Yes,10,8,9
0,76,8.46,6.41,6,Yes,4,2,1
0,78,6.24,8.69,6,Yes,1,7,3
0,100,7.78,7.49,9,No,7,10,3
0,116,5.06,7.03,9,No,7,5,6
0,68,6.49,6.28,5,Yes,6,9,1
0,102,6.41,6.34,7,No,5,3,6
0,102,7.17,6.72,9,No,0,1,6
1,130,5.29,8.76,5,Yes,7,4,6
0,104,8.16,9.35,6,No,0,7,2
0,115,5.87,6.97,5,No,7,1,5
0,112,7.71,6.77,5,Yes,10,2,5
0,78,8.21,8.81,5,No,1,5,3
0,121,7.25,6.92,5,No,7,9,0
0,113,7.96,7.48,9,Yes,9,1,8
0,117,7.65,6.04,7,Yes,3,4,1
1,168,6.42,8.35,5,No,6,3,8
0,78,8.24,7.39,8,No,4,5,7
0,135,6.18,8.64,6,Yes,7,5,0
1,105,7.28,8.51,6,Yes,5,10,10
0,114,7.98,5.97,6,No,4,2,6
0,109,6.52,8.22,6,Yes,0,5,9
1,103,6.21,8.6,6,No,2,9,2
0,101,6.84,6.56,5,Yes,9,5,9
1,114,8.27,5.78,7,Yes,8,10,9
0,87,8.72,5.01,8,Yes,8,2,8
0,121,7.18,7.03,9,Yes,4,7,4
0,103,7.65,6.59,8,Yes,2,6,10
0,93,8.61,7.5,9,Yes,5,7,2
0,103,5.39,5.85,9,No,4,8,7
1,128,5.93,8.87,8,Yes,0,10,2
0,101,7.84,6.16,5,No,1,5,6
0,115,8.29,6.02,6,Yes,4,2,6
0,99,8.43,7.16,5,Yes,8,7,6
0,121,6.66,7.24,6,Yes,3,7,0
1,120,5.36,5.97,7,Yes,8,8,10
0,137,6.75,6.22,9,No,2,7,4
0,107,5.92,5.76,8,No,0,10,10
0,120,6.16,8.23,7,Yes,5,7,0
1,111,8.09,8.47,6,No,9,9,6
1,129,5.3,7.08,5,Yes,6,8,7
0,99,8.31,8.21,8,Yes,3,2,6
0,121,6.71,8.31,9,Yes,9,2,0
0,107,7.38,5.62,7,No,4,7,2
1,109,5.36,9.35,9,Yes,3,10,9
1,111,6.35,8.69,6,No,2,10,2
0,113,5.36,5.92,9,Yes,0,3,6
0,108,8.85,5.84,5,Yes,5,1,3
1,113,8.23,5.57,7,No,9,9,2
0,133,6.84,5.62,7,Yes,4,3,5
1,124,5.89,8.37,5,No,10,1,9
0,123,8.73,7.11,9,No,0,6,5
0,103,6.38,8.52,5,No,4,4,9
0,96,5.64,8.36,8,Yes,5,1,4
0,124,7.25,7.72,5,Yes,9,4,5
1,123,8.78,8.09,9,No,4,8,2
0,132,5.02,5.08,5,Yes,0,7,9
0,100,5.95,6.4,6,Yes,4,1,4
0,106,8.75,7.87,5,Yes,9,10,8
0,85,5.68,5.04,5,Yes,0,9,3
0,104,5.45,5.15,9,Yes,10,6,10
0,124,7.28,8.83,8,Yes,2,2,1
0,103,8.45,8.08,8,Yes,1,3,4
0,119,6.91,6.19,9,Yes,0,7,2
0,107,8.98,8.1,9,Yes,3,3,2
1,114,7.72,8.57,9,No,1,3,3
0,92,5.3,6.38,6,No,4,5,3
0,111,8.97,5.16,7,Yes,9,3,4
0,65,6.63,9.2,5,Yes,0,3,6
0,107,6.15,6.55,9,Yes,9,5,3
0,85,7.23,5.48,9,Yes,0,5,10
1,128,6.22,7.21,9,No,10,9,6
1,121,5.35,8.46,8,No,9,1,8
0,117,5.01,6.0,9,No,3,1,2
1,132,6.8,6.21,5,Yes,6,9,4
0,95,8.35,6.09,9,Yes,1,5,3
1,136,7.29,9.46,5,No,1,4,8
0,123,9.0,5.89,6,Yes,0,2,4
0,106,6.15,7.59,7,Yes,4,9,9
0,127,6.12,9.16,8,Yes,5,6,1
0,93,5.64,5.66,5,Yes,5,9,9
0,97,5.66,9.37,6,Yes,1,5,0
0,100,6.14,9.26,7,Yes,6,4,6
0,102,8.17,8.98,7,No,5,7,10
0,94,8.62,5.97,7,No,7,5,0
1,128,8.9,7.85,5,Yes,5,8,7
1,106,5.93,8.42,6,Yes,8,8,8
1,115,8.53,9.44,9,Yes,9,2,6
0,101,6.31,5.81,6,No,1,5,8
1,82,5.45,8.45,6,Yes,6,10,9
1,114,8.48,6.52,6,No,4,8,5
0,81,7.54,5.79,5,Yes,0,3,6
0,108,5.66,6.9,5,No,2,7,2
0,89,6.72,8.57,5,Yes,3,3,8
0,139,6.15,7.09,6,Yes,1,6,2
0,123,7.95,7.42,5,Yes,6,2,5
1,111,6.81,9.48,7,Yes,0,6,3
0,128,8.96,6.8,5,No,2,6,8
0,97,5.22,7.77,8,No,8,8,0
0,118,6.42,6.64,5,Yes,10,5,8
0,112,6.93,6.77,5,No,1,1,3
1,113,7.01,8.13,5,Yes,4,8,9
1,129,6.26,9.22,5,No,3,9,4
0,120,7.92,7.44,8,Yes,2,1,10
0,114,8.5,8.46,9,No,4,5,0
0,85,8.75,5.4,5,Yes,5,6,0
0,95,8.22,5.95,7,Yes,0,4,5
0,108,8.4,7.26,8,Yes,1,2,9
0,111,7.2,5.09,9,Yes,0,5,0
0,93,8.3,6.14,5,Yes,2,4,1
0,146,6.21,7.33,9,Yes,7,7,2
0,132,6.59,5.07,7,No,7,6,6
0,119,6.27,6.19,8,No,3,3,1
1,111,6.87,7.31,8,No,5,9,4
0,106,6.14,7.58,9,No,8,4,8
0,95,8.85,9.17,5,No,6,5,9
0,111,6.25,7.9,6,No,1,3,7
1,113,5.39,6.87,8,No,10,8,7
0,91,7.11,9.19,6,Yes,1,7,10
0,115,5.23,8.53,8,No,2,7,1
0,107,5.44,5.9,5,No,7,8,0
