IQ,Prev_Sem_Result,CGPA,Academic_Performance,Internship_Experience,Extra_Curricular_Score,Communication_Skills,Projects_Completed
117,8.27,5.99,8,Yes,6,10,6
107,8.93,7.09,6,No,4,9,2
119,6.04,6.95,5,Yes,3,3,2
132,8.88,8.6,8,Yes,8,9,1
106,6.72,8.33,5,No,9,10,0
106,6.39,6.92,6,Yes,0,8,4
133,5.2,6.5,7,No,10,5,3
121,5.21,6.42,6,No,3,10,10
102,7.77,8.48,9,Yes,2,3,1
118,6.83,5.23,8,Yes,5,7,0
103,5.91,5.06,6,Yes,4,9,2
103,7.46,8.58,7,No,6,6,5
113,6.01,7.15,5,Yes,0,3,1
81,7.31,5.59,8,Yes,4,5,9
84,6.44,6.06,6,No,1,7,6
101,8.29,9.2,7,Yes,1,8,10
94,8.28,8.87,6,No,10,4,6
114,6.91,8.19,9,No,10,2,10
96,6.4,7.17,8,Yes,1,10,2
88,6.45,7.34,5,Yes,8,2,0
131,8.22,9.39,7,No,9,3,8
106,6.31,9.35,6,Yes,2,8,10
111,5.84,5.97,8,Yes,3,1,4
88,5.34,8.65,6,Yes,4,7,1
101,6.87,5.89,8,No,3,6,7
111,6.93,5.96,9,No,3,2,9
92,8.36,8.04,6,Yes,4,9,9
115,5.88,6.82,9,Yes,9,5,3
100,6.52,9.19,7,No,8,2,10
105,8.23,5.4,9,No,8,3,9
100,8.29,7.3,8,Yes,5,7,6
137,6.54,9.13,7,Yes,10,7,4
109,6.84,9.07,6,No,2,10,2
94,6.21,5.7,6,No,5,1,9
122,8.73,6.65,8,No,9,10,7
91,5.47,7.79,5,No,3,4,1
113,8.73,5.72,5,No,2,6,0
80,7.74,9.36,6,Yes,5,8,4
90,7.13,9.12,8,No,10,3,10
112,5.13,5.75,5,No,5,3,3
121,6.9,5.55,9,No,1,8,10
112,6.63,5.38,6,Yes,8,8,9
108,5.64,9.09,9,Yes,7,8,6
105,7.63,5.87,8,No,5,1,8
87,8.88,6.87,9,Yes,0,8,5
99,7.25,7.02,5,Yes,1,8,10
103,7.86,7.7,5,No,3,2,0
125,5.27,5.32,7,Yes,6,9,7
115,6.67,6.02,6,No,8,7,1
83,5.47,9.19,8,No,9,8,3
114,7.45,9.09,6,Yes,4,2,2
104,8.75,8.52,9,No,9,4,5
99,7.65,5.09,8,No,1,7,1
119,5.31,6.47,8,Yes,10,6,4
125,6.42,7.83,5,Yes,10,7,10
123,7.2,6.24,9,No,10,1,8
97,6.61,9.09,5,Yes,0,8,2
105,8.33,7.85,5,Yes,9,7,1
114,8.26,5.32,7,Yes,0,4,1
124,7.45,9.09,5,Yes,4,1,8
102,6.49,9.31,6,Yes,6,8,5
107,6.02,5.35,8,No,8,10,1
93,5.42,7.4,5,No,8,7,2
92,6.42,6.37,6,Yes,7,8,0
122,6.65,6.77,9,Yes,0,10,1
130,7.7,5.81,8,No,4,1,1
108,7.63,7.6,9,Yes,5,5,10
125,5.28,9.31,6,No,5,9,1
115,6.58,7.26,9,No,3,5,6
100,5.73,5.37,9,No,0,10,2
115,5.63,7.79,9,Yes,2,3,10
133,8.31,6.53,5,Yes,9,9,3
109,5.17,8.85,5,Yes,3,9,1
133,6.68,6.96,5,Yes,3,4,4
70,5.67,5.87,8,Yes,3,4,8
122,8.52,5.86,6,No,4,8,8
111,7.23,8.46,5,No,10,7,6
105,5.93,6.2,9,No,8,5,7
111,7.01,8.45,9,No,3,6,4
80,7.93,5.93,9,Yes,8,3,4
106,8.83,6.45,9,No,8,6,2
115,5.88,7.09,7,Yes,0,8,5
132,8.54,9.24,8,Yes,4,10,0
102,8.74,9.19,6,Yes,8,9,2
97,8.67,5.93,6,No,3,3,10
102,7.54,6.61,5,No,4,8,1
123,7.52,5.67,7,Yes,3,3,6
114,6.61,7.29,6,Yes,1,2,8
102,8.01,7.07,8,Yes,9,5,3
117,7.13,9.05,9,Yes,1,4,6
111,7.71,9.19,5,Yes,1,5,7
124,6.71,6.73,8,No,0,6,9
99,7.93,7.21,6,No,2,3,1
105,8.3,9.03,7,Yes,10,1,6
104,5.59,8.63,5,No,9,4,2
88,8.33,5.02,6,Yes,0,6,7
114,7.16,6.44,5,No,3,2,5
113,8.38,6.9,6,Yes,0,2,2
110,6.73,6.03,9,No,3,1,7
106,6.52,5.9,7,No,2,9,10
88,8.66,5.17,9,No,8,3,2
103,6.0,7.9,6,Yes,0,2,8
104,8.38,6.18,8,No,7,4,10
97,6.94,5.24,9,Yes,10,6,2
107,7.06,6.04,8,Yes,8,1,0
116,6.23,8.61,6,Yes,6,9,1
138,7.29,8.83,7,No,0,9,3
112,6.3,7.17,8,No,3,8,10
113,5.16,6.87,6,Yes,9,6,1
108,6.09,9.4,8,Yes,0,4,3
81,5.03,5.9,9,No,3,2,3
109,8.91,5.97,6,Yes,2,8,3
110,8.86,6.31,9,Yes,1,7,0
146,6.58,5.78,5,Yes,0,4,8
107,7.91,6.71,6,No,5,3,9
114,6.38,9.1,8,Yes,6,6,10
109,7.68,7.77,5,No,5,1,6
92,8.22,6.85,9,Yes,8,2,1
127,8.79,9.2,9,Yes,8,7,2
121,6.6,5.22,8,Yes,1,3,7
121,8.13,5.95,5,Yes,1,1,6
96,6.06,7.55,7,Yes,8,2,3
131,8.96,7.77,8,Yes,0,10,3
88,5.1,5.18,9,No,4,10,8
118,7.41,6.81,6,Yes,0,9,4
142,7.64,7.92,5,No,6,7,10
95,7.75,8.14,7,No,8,7,4
101,5.48,7.87,6,No,5,10,6
111,8.75,6.44,5,No,1,8,0
102,5.72,5.42,8,Yes,5,8,2
86,7.49,6.92,8,Yes,8,9,1
111,5.89,5.58,5,No,2,2,10
94,6.23,9.26,7,No,8,8,9
117,7.19,7.14,5,No,7,8,5
96,6.67,6.43,6,No,6,5,10
133,5.64,8.45,6,No,7,5,5
98,5.68,7.24,8,Yes,9,4,9
105,6.67,6.4,5,No,5,5,0
122,8.03,8.65,8,Yes,2,2,5
91,8.59,8.9,7,Yes,6,2,9
113,5.34,8.03,6,Yes,3,5,1
129,6.57,5.21,9,Yes,10,3,10
85,5.4,7.55,9,Yes,9,1,3
112,5.07,8.43,5,No,4,9,5
113,7.65,5.61,5,No,7,2,2
121,7.41,6.03,9,No,6,10,2
91,5.65,8.97,5,Yes,6,2,2
90,5.94,5.09,6,No,7,4,3
117,5.09,8.39,7,Yes,9,2,8
114,8.34,7.13,7,No,2,7,3
113,8.9,7.01,8,Yes,2,10,3
115,5.54,5.03,6,Yes,1,1,3
99,5.93,8.69,5,Yes,0,2,6
113,8.47,6.62,5,No,9,5,4
114,8.71,7.43,8,Yes,5,2,1
99,6.68,8.05,8,Yes,5,9,6
137,5.2,8.16,5,Yes,9,4,2
117,5.16,9.3,5,Yes,7,9,10
92,7.3,7.39,6,No,5,1,0
119,6.57,6.8,8,Yes,5,1,8
95,5.11,9.29,6,Yes,0,1,4
121,7.33,7.89,5,Yes,6,4,9
127,5.05,6.34,9,Yes,6,9,0
97,8.15,5.57,9,Yes,9,8,10
124,6.23,8.79,5,No,8,7,0
116,5.16,6.63,8,Yes,6,1,0
122,7.35,7.97,9,Yes,7,3,8
138,6.59,7.12,8,Yes,3,9,7
106,8.9,5.9,9,Yes,8,9,10
98,7.18,7.71,8,Yes,0,5,5
96,6.1,5.27,9,Yes,7,6,9
97,7.84,6.86,8,Yes,2,6,5
108,6.09,7.46,6,Yes,0,10,5
115,8.62,6.96,8,No,1,4,3
114,6.5,8.37,6,No,5,1,4
122,7.2,8.73,6,No,4,5,9
110,5.2,8.47,5,Yes,2,1,2
131,6.7,5.17,6,No,8,1,2
106,8.33,5.87,7,No,7,5,9
150,8.22,7.41,6,No,2,5,6
119,5.9,9.21,8,Yes,1,7,4
97,5.9,8.76,6,Yes,7,2,7
93,8.27,8.79,8,Yes,4,6,4
117,8.72,6.36,8,Yes,8,2,3
106,5.38,6.93,7,Yes,0,10,2
120,6.8,7.12,6,No,9,5,1
117,6.35,5.71,6,No,2,4,2
108,8.48,5.14,9,Yes,4,10,6
97,5.33,9.26,9,Yes,1,5,7
87,5.84,6.08,5,Yes,2,2,4
103,8.01,6.08,8,Yes,3,8,10
122,5.21,5.38,7,Yes,3,8,0
113,6.97,9.18,9,Yes,10,6,2
91,6.77,7.61,6,Yes,8,3,3
112,6.34,8.0,5,No,0,4,9
115,6.58,9.1,7,Yes,8,1,3
96,7.12,6.56,6,Yes,8,9,0
112,5.65,7.8,6,Yes,10,10,9
110,7.29,5.17,8,Yes,5,5,8
92,8.22,5.84,8,Yes,10,8,9
115,8.04,8.74,9,No,0,3,3
118,5.62,8.45,9,Yes,10,4,1
126,5.6,6.58,6,Yes,5,4,8
125,6.07,6.7,6,No,7,8,3
89,6.44,7.4,9,Yes,4,9,3
95,6.63,5.0,9,Yes,4,3,10
117,7.72,6.09,6,Yes,0,7,5
117,5.23,5.94,7,No,0,9,7
117,5.14,6.13,6,Yes,7,2,4
167,6.57,8.63,7,Yes,4,4,7
118,7.79,6.26,7,No,7,3,0
127,5.77,5.86,6,Yes,9,8,3
124,7.57,7.27,5,Yes,1,4,0
119,6.04,8.9,9,Yes,3,9,2
105,8.54,6.09,8,No,10,1,10
121,8.58,5.35,6,No,9,1,6
98,6.19,6.6,7,No,8,4,0
106,5.92,8.36,6,No,2,3,4
102,6.65,7.48,9,No,5,3,0
111,5.96,8.68,7,No,10,10,5
144,7.69,9.32,8,No,6,2,8
81,8.3,8.57,8,Yes,2,10,2
120,7.69,7.72,8,Yes,0,10,10
85,8.3,7.22,5,Yes,1,2,10
102,6.59,5.18,7,Yes,10,8,5
126,5.63,9.43,7,No,9,1,3
110,7.95,6.73,5,Yes,6,8,5
93,6.44,5.69,7,Yes,6,10,1
99,7.69,8.0,5,Yes,0,3,3
120,6.08,6.28,6,No,9,2,6
99,5.32,7.64,9,No,6,9,10
113,8.97,7.64,8,Yes,9,5,5
110,5.62,7.01,5,Yes,10,5,8
100,8.95,8.76,5,Yes,5,6,10
142,8.91,6.19,5,Yes,10,4,6
119,8.18,7.02,6,Yes,5,7,0
79,7.64,7.42,5,No,6,7,5
112,7.31,7.99,9,Yes,6,9,10
100,8.46,8.53,9,Yes,0,6,2
122,6.16,6.78,8,Yes,9,1,7
98,6.87,7.91,6,Yes,4,9,0
108,7.48,5.68,9,Yes,7,10,9
117,6.64,9.2,7,Yes,7,9,1
122,6.71,6.72,7,Yes,2,5,2
91,6.32,8.28,7,No,2,7,2
104,7.26,5.09,5,Yes,6,1,6
102,8.4,5.92,5,Yes,3,4,7
100,5.81,7.19,7,Yes,5,10,8
136,8.74,8.95,8,No,8,4,6
116,7.76,7.37,8,Yes,9,5,7
91,8.29,9.18,5,No,1,6,10
123,7.22,7.18,7,No,1,4,5
141,8.12,7.21,8,Yes,5,6,1
125,5.06,5.54,5,No,2,10,0
87,8.27,8.61,7,No,0,7,2
102,5.16,6.11,6,Yes,1,3,8
129,8.56,9.05,7,No,6,9,6
99,8.97,9.1,7,Yes,3,8,1
116,6.18,9.24,9,Yes,1,1,0
121,5.84,7.34,9,No,10,2,1
96,8.06,8.05,6,No,7,2,2
109,6.01,8.5,6,No,3,10,5
61,8.46,5.59,7,Yes,3,9,8
94,5.41,7.7,8,Yes,1,9,7
106,5.5,5.15,6,Yes,0,9,9
91,8.92,7.24,7,Yes,0,1,8
134,7.7,5.7,5,Yes,2,7,10
88,8.39,5.82,9,Yes,5,3,10
103,6.3,6.64,8,Yes,6,9,7
111,7.71,6.95,7,Yes,8,8,6
131,7.38,7.8,5,Yes,4,3,5
88,7.41,5.33,9,No,8,1,7
127,7.73,7.27,5,No,7,9,5
110,7.3,5.82,7,Yes,0,10,1
95,6.72,7.58,6,No,10,1,8
116,6.1,7.87,9,No,2,3,8
112,8.07,7.51,5,No,7,6,2
100,5.91,8.32,6,Yes,8,6,8
111,7.77,6.51,8,Yes,3,10,1
104,5.93,8.44,7,No,5,4,2
111,7.5,6.95,7,Yes,3,2,5
119,7.99,7.18,9,No,8,10,3
133,5.87,7.92,5,No,1,6,7
91,5.24,5.08,8,No,5,10,0
141,5.52,7.94,9,Yes,10,5,5
80,7.42,7.78,9,Yes,2,6,1
107,8.4,6.39,5,Yes,9,7,5
118,5.18,5.39,8,No,3,9,0
114,7.94,5.41,5,Yes,1,7,1
100,6.37,9.15,7,Yes,10,4,8
106,6.91,8.1,6,Yes,7,10,5
102,8.72,5.57,7,Yes,9,5,7
101,6.33,6.61,7,Yes,7,6,6
122,6.86,7.67,9,Yes,0,9,8
115,5.05,8.76,7,No,9,5,8
99,5.33,5.2,8,Yes,5,5,10
123,6.03,6.06,7,No,0,7,3
114,5.11,9.0,8,No,5,2,6
122,7.53,5.04,5,No,6,3,4
119,6.71,5.91,9,No,1,2,6
97,7.19,9.32,8,Yes,8,10,3
101,5.7,7.76,7,Yes,7,10,9
121,6.18,6.18,9,No,8,2,10
119,7.66,5.3,9,Yes,9,3,10
109,8.86,5.13,8,Yes,3,6,0
111,5.2,6.1,8,Yes,3,5,3
129,8.56,8.97,6,No,7,5,9
101,7.31,6.87,6,Yes,0,2,2
118,7.26,8.24,9,Yes,7,2,8
106,7.0,9.13,6,Yes,6,1,4
106,5.28,6.84,7,No,6,3,3
126,5.36,5.86,5,Yes,8,7,7
122,7.4,7.33,9,No,9,5,4
122,6.36,9.09,5,Yes,6,7,2
129,8.67,8.62,6,No,1,9,1
110,6.63,5.3,8,Yes,0,6,7
120,5.57,8.12,9,No,0,2,1
105,7.86,7.57,6,Yes,6,1,7
114,6.17,9.08,7,Yes,4,1,4
108,7.1,5.55,9,No,3,10,7
111,7.79,7.4,9,No,4,9,4
118,8.6,8.96,8,No,9,6,0
97,8.17,6.85,9,No,9,6,10
141,7.71,7.17,8,Yes,5,4,10
94,7.72,5.32,6,No,9,2,1
91,8.78,6.25,7,Yes,5,10,5
127,6.18,6.46,7,No,0,3,2
121,5.0,9.25,9,Yes,1,3,7
119,6.09,6.27,9,Yes,2,8,4
119,5.87,7.07,6,Yes,3,6,2
109,7.65,8.02,8,Yes,5,7,9
96,7.53,5.73,7,Yes,10,9,6
111,7.37,7.19,8,Yes,8,1,7
99,5.06,8.32,6,Yes,1,2,3
124,7.92,8.9,7,Yes,7,9,10
107,6.29,7.82,7,Yes,8,5,8
97,7.66,8.01,5,Yes,1,4,5
105,7.23,5.57,6,Yes,8,1,0
116,6.37,9.26,6,Yes,6,9,4
101,5.54,5.6,5,No,8,9,4
97,5.38,8.49,8,No,5,4,6
113,8.33,6.19,5,Yes,1,9,6
113,8.67,9.2,6,No,7,10,5
102,7.6,8.24,8,No,9,1,7
102,5.41,8.39,7,Yes,8,5,1
113,6.61,5.99,5,No,7,1,6
88,7.92,6.99,8,Yes,1,4,9
88,8.12,7.78,8,Yes,7,5,6
99,5.47,8.46,8,Yes,2,3,3
106,5.0,5.47,5,Yes,2,2,9
114,7.85,9.33,7,No,8,6,1
132,6.43,9.01,8,Yes,8,3,3
122,6.02,6.22,5,Yes,8,10,3
107,5.05,8.7,6,Yes,3,1,5
109,7.16,7.33,5,No,6,5,6
94,8.4,7.08,5,No,7,2,2
109,8.83,6.41,5,No,4,2,9
105,7.26,7.61,8,Yes,0,4,0
114,7.06,8.28,5,Yes,8,4,2
97,5.34,6.85,6,Yes,5,4,8
117,7.2,7.83,8,Yes,2,7,0
132,6.52,8.15,6,Yes,2,1,7
108,7.43,8.2,9,Yes,9,8,1
116,6.55,5.23,5,Yes,0,10,5
120,5.96,8.87,8,No,7,9,2
103,5.38,7.06,8,No,1,10,6
113,6.26,6.18,5,Yes,0,6,1
110,5.39,6.09,7,Yes,6,4,3
111,5.71,7.17,7,Yes,10,6,9
98,8.95,8.99,6,No,8,10,8
110,6.78,6.7,5,No,5,7,5
117,7.13,8.37,5,No,7,6,3
131,8.49,5.44,9,Yes,7,1,1
124,8.98,7.14,7,No,8,5,9
142,7.33,9.46,7,Yes,6,8,8
98,8.25,8.47,5,No,8,8,3
123,6.31,5.95,6,No,8,10,8
112,6.22,7.26,5,No,10,9,1
142,6.61,6.05,6,Yes,0,4,6
97,7.69,6.84,7,No,5,10,10
97,7.73,8.51,9,Yes,7,6,10
101,6.26,8.47,8,Yes,9,7,4
78,5.53,6.03,7,Yes,8,5,7
102,7.53,9.15,6,Yes,3,8,10
98,5.51,7.67,5,Yes,1,3,7
112,7.31,6.71,7,Yes,10,8,3
115,7.77,7.26,9,Yes,8,5,3
138,7.8,7.72,6,Yes,8,1,7
124,8.01,7.52,5,Yes,7,6,2
101,8.49,7.19,8,Yes,2,2,6
96,7.0,7.27,6,Yes,4,7,7
117,7.92,5.79,5,Yes,1,9,7
90,7.48,8.66,8,Yes,2,3,10
137,5.75,7.44,5,No,0,10,9
127,5.1,5.59,8,Yes,3,4,3
102,6.14,8.45,8,No,4,4,8
84,6.77,9.2,8,Yes,1,4,9
130,7.47,9.26,5,No,2,3,3
108,8.4,6.66,8,Yes,5,5,7
128,5.78,5.61,6,Yes,5,9,5
86,5.5,7.33,9,Yes,6,8,4
101,8.85,5.51,9,Yes,8,10,3
110,5.43,9.2,8,No,3,2,4
110,6.91,5.83,9,Yes,4,9,10
103,7.34,6.14,9,Yes,10,10,0
119,7.17,6.83,8,No,1,2,6
93,5.34,6.72,8,Yes,5,7,7
107,5.23,8.58,6,Yes,3,5,8
111,5.42,7.05,7,Yes,4,7,2
117,7.34,5.77,5,Yes,6,5,8
120,7.18,6.2,8,No,5,6,9
93,5.93,7.29,8,No,7,8,4
86,7.55,5.66,9,No,5,1,9
129,8.28,7.75,6,No,9,1,5
114,5.17,7.55,9,Yes,7,5,0
98,6.99,8.22,8,Yes,3,1,8
133,7.76,9.22,8,Yes,6,3,8
111,6.01,9.11,9,No,2,10,5
127,6.23,9.26,8,No,0,9,7
111,7.45,6.1,7,Yes,8,7,3
140,8.59,5.59,5,Yes,8,6,4
136,8.24,6.36,5,No,5,8,4
106,7.33,9.03,5,Yes,1,8,6
124,7.92,9.37,7,No,7,6,6
119,6.46,8.87,8,Yes,9,4,6
130,7.56,5.5,9,Yes,5,4,4
95,6.86,9.26,6,Yes,6,4,3
120,5.76,6.91,8,No,0,6,7
125,7.81,5.04,7,Yes,2,1,0
83,7.23,6.99,7,Yes,0,2,0
92,6.43,5.21,5,No,9,6,5
79,8.65,7.45,8,No,0,1,1
105,5.08,6.52,5,No,10,9,2
120,6.26,7.13,6,Yes,0,6,3
132,5.23,7.76,5,No,3,7,1
111,8.07,8.91,6,Yes,6,1,9
134,7.81,7.98,7,Yes,6,8,6
89,6.33,6.95,5,Yes,4,5,9
84,7.7,8.69,5,Yes,5,5,0
109,6.58,9.08,9,No,1,6,2
115,8.03,5.54,7,Yes,4,7,1
109,6.82,7.39,9,Yes,6,7,8
78,6.65,6.28,6,No,8,5,7
108,8.74,5.21,6,No,5,1,2
90,6.0,8.01,7,No,9,9,4
120,5.48,8.88,6,Yes,3,6,2
115,7.34,5.73,7,No,2,9,10
95,8.88,8.66,6,Yes,8,4,10
102,6.51,8.84,8,No,6,2,10
94,5.25,9.11,5,Yes,10,3,5
109,6.36,6.19,8,No,5,4,4
124,7.02,9.07,7,Yes,6,10,10
95,5.65,6.44,7,Yes,7,8,1
117,7.63,7.49,8,Yes,4,3,9
102,8.99,5.23,5,Yes,2,8,7
98,6.81,5.2,5,Yes,2,6,5
108,6.42,8.24,9,No,1,4,2
94,6.6,7.0,6,Yes,7,7,0
101,5.46,6.15,9,No,0,5,4
92,8.53,5.86,5,Yes,7,5,10
139,6.66,8.01,8,Yes,2,9,1
110,6.55,5.0,6,No,8,3,1
99,7.64,8.63,8,No,10,10,8
113,6.77,5.36,9,Yes,1,4,10
108,7.59,5.86,7,Yes,9,5,9
106,5.25,6.74,8,No,8,1,6
119,8.25,7.18,9,Yes,5,7,5
121,8.76,6.6,9,Yes,0,8,0
102,7.6,6.44,9,No,4,6,9
101,8.82,9.34,7,Yes,9,9,1
105,5.61,7.89,7,Yes,8,3,10
75,6.91,5.11,7,No,5,2,6
87,7.41,6.94,6,No,6,5,2
130,7.33,8.94,7,Yes,3,9,1
134,6.61,6.36,7,Yes,0,1,5
106,6.35,5.43,7,Yes,4,1,7
118,5.51,8.41,8,No,1,10,7
114,6.57,7.73,7,No,7,3,10
156,5.65,7.57,6,Yes,3,10,1
126,7.94,5.24,9,Yes,0,3,5
108,5.84,5.63,8,Yes,9,5,4
95,5.23,7.8,5,Yes,6,4,6
85,7.21,5.94,7,No,10,6,3
113,7.38,7.27,9,Yes,1,8,1
98,8.49,7.45,9,Yes,2,8,9
88,7.31,6.28,8,Yes,8,4,2
100,6.38,9.27,5,Yes,8,1,8
93,8.21,8.79,6,Yes,1,7,9
135,7.16,8.25,9,Yes,2,6,7
123,5.32,5.35,9,No,10,5,8
109,7.26,5.48,9,No,8,4,4
132,8.63,7.22,9,No,0,6,4
111,6.59,5.72,8,Yes,1,8,6
97,6.19,9.4,5,No,10,6,6
132,5.57,5.71,9,No,1,3,0
118,5.61,7.19,6,Yes,9,9,4
94,6.73,6.64,6,Yes,2,3,7
107,7.38,7.88,7,Yes,9,4,6
96,5.32,5.58,9,Yes,2,5,10
89,8.76,6.94,9,No,9,2,1
123,8.02,6.24,9,Yes,1,10,7
138,7.35,8.99,9,Yes,7,10,1
89,8.31,5.18,9,Yes,7,2,9
118,5.32,9.11,6,Yes,7,6,0
100,6.91,8.75,5,Yes,1,2,10
102,7.52,6.34,5,Yes,8,10,10
101,8.31,8.55,7,Yes,10,1,10
97,8.13,5.14,6,No,6,8,2
110,6.11,9.35,9,No,4,10,2
97,8.76,7.37,5,No,6,10,5
114,5.5,6.36,8,No,7,1,2
109,8.5,6.63,8,No,8,10,6
106,8.88,5.3,8,No,1,6,7
96,5.71,9.45,9,No,5,1,2
101,7.89,5.18,9,No,8,8,8
121,5.16,7.95,7,Yes,5,5,0
117,6.62,6.99,7,Yes,1,3,2
95,7.07,9.27,7,No,0,5,2
111,7.32,6.11,8,Yes,2,1,6
121,8.74,7.39,9,Yes,10,1,10
84,7.69,7.17,8,Yes,4,4,10
118,6.93,8.16,7,Yes,6,9,4
100,8.24,5.31,9,No,9,9,3
118,8.8,5.87,6,Yes,9,1,1
98,5.09,5.97,5,Yes,2,3,6
82,8.93,8.32,5,Yes,8,4,2
85,5.34,5.85,7,No,9,2,6
110,8.26,7.58,8,Yes,3,7,9
113,6.12,5.97,6,No,9,3,6
96,5.53,8.88,9,No,1,1,10
119,6.76,9.24,8,Yes,2,1,1
85,7.58,7.33,7,Yes,4,3,6
109,6.52,6.59,8,Yes,2,6,5
91,5.22,6.05,7,No,4,4,9
100,7.4,5.22,5,No,3,1,3
110,8.61,6.21,5,Yes,10,7,10
97,6.53,7.94,8,Yes,9,2,4
104,5.87,7.4,6,Yes,2,5,7
125,6.77,9.25,9,No,5,8,4
101,5.19,6.78,7,Yes,7,7,2
122,8.28,8.12,9,Yes,3,8,1
93,8.31,7.2,5,Yes,8,10,5
117,7.35,7.31,6,No,5,6,5
131,6.41,6.2,6,No,4,7,6
72,8.2,7.05,9,Yes,2,9,7
98,7.22,7.12,5,No,4,6,3
118,8.3,8.18,9,Yes,4,9,7
106,7.53,9.23,8,No,3,2,0
115,8.14,6.48,6,Yes,5,2,5
100,7.39,5.19,6,No,2,2,5
111,6.66,7.23,8,Yes,9,6,2
107,8.83,7.45,5,Yes,0,2,8
127,7.16,5.76,6,No,6,3,4
113,7.42,8.42,7,Yes,6,8,0
115,5.88,9.43,7,Yes,3,8,6
103,7.5,9.26,5,Yes,8,4,9
102,7.29,5.89,8,Yes,1,9,2
103,5.74,8.94,9,Yes,0,8,9
115,5.24,8.17,5,Yes,2,1,9
103,7.42,7.04,9,No,6,8,10
114,8.05,7.43,5,No,8,1,3
141,7.09,8.82,7,Yes,1,4,5
123,5.91,7.16,8,Yes,5,10,7
105,7.67,6.68,7,No,2,6,3
128,5.32,7.22,8,Yes,4,7,8
103,6.77,7.61,9,Yes,8,10,7
79,5.65,5.85,5,No,2,4,9
94,5.74,9.05,6,No,0,8,9
81,5.81,8.03,6,Yes,4,8,5
104,6.55,7.85,8,Yes,0,9,6
110,5.2,5.45,8,Yes,7,6,7
135,6.59,7.72,7,No,6,4,1
114,7.05,5.54,6,Yes,10,2,4
106,6.93,5.35,7,No,1,7,6
122,6.53,7.37,9,Yes,10,10,7
76,8.36,6.81,6,Yes,8,3,4
113,5.58,7.65,9,Yes,4,3,2
121,7.02,5.4,5,No,6,3,5
87,5.25,6.94,7,Yes,3,4,4
127,5.28,5.79,8,Yes,0,2,7
115,7.3,9.44,6,No,7,5,8
103,7.26,7.53,7,No,0,3,8
119,8.51,8.09,8,Yes,2,10,5
144,7.23,6.46,5,Yes,5,5,3
112,8.84,5.43,6,No,7,7,3
113,5.19,9.39,9,No,7,9,8
103,5.39,6.29,5,Yes,1,2,3
97,5.18,6.91,8,No,8,9,7
122,5.74,7.92,6,Yes,3,10,8
97,7.17,5.11,6,No,3,6,4
111,7.58,8.65,5,Yes,1,6,5
102,5.18,7.41,6,Yes,0,3,2
117,8.78,6.25,8,Yes,9,10,4
115,8.37,5.28,5,No,6,9,4
125,6.19,5.73,9,No,10,4,1
102,5.31,9.03,5,Yes,9,5,9
105,5.68,8.09,5,Yes,2,3,5
95,5.51,6.12,9,Yes,3,5,8
103,5.49,5.3,8,No,10,8,10
115,7.07,8.11,7,No,8,8,6
121,5.98,7.58,7,No,5,8,7
96,6.43,6.82,9,Yes,0,6,1
123,8.96,6.64,8,No,8,1,10
130,7.74,5.98,6,Yes,8,10,8
116,8.8,8.01,9,Yes,4,6,2
138,5.57,9.37,7,Yes,7,10,9
98,6.53,5.79,8,Yes,6,7,4
91,7.22,7.69,5,No,10,9,6
83,5.31,6.91,8,No,7,8,3
132,5.02,7.01,8,Yes,8,8,6
119,7.68,6.14,7,Yes,1,7,7
109,7.57,8.71,7,Yes,9,2,9
114,6.64,7.18,6,Yes,4,1,9
93,6.96,7.45,6,Yes,7,2,3
146,6.66,6.37,9,Yes,2,6,4
111,5.1,5.82,5,No,10,2,10
111,6.34,5.39,6,No,10,10,2
120,5.71,8.21,7,No,5,4,4
117,5.39,5.88,8,No,5,10,7
113,8.83,8.11,9,No,6,3,2
98,7.4,6.76,6,Yes,10,6,4
117,7.91,6.87,8,No,2,8,9
138,6.26,7.11,8,Yes,7,6,0
130,6.57,6.65,6,No,7,2,1
133,5.95,5.45,5,Yes,8,5,2
102,5.39,6.39,5,No,7,6,0
95,5.72,7.99,9,Yes,2,9,10
108,8.19,8.0,5,Yes,5,6,10
110,7.71,6.29,9,Yes,8,10,8
126,7.19,7.07,7,Yes,0,5,8
84,6.9,5.87,6,No,2,1,4
132,8.69,5.95,8,Yes,1,10,3
107,5.29,5.1,9,Yes,7,5,4
103,6.12,9.04,5,No,5,5,3
94,6.4,5.95,9,No,9,6,4
85,8.13,6.02,9,Yes,10,7,6
122,8.97,6.26,5,Yes,10,4,10
111,5.96,5.57,5,Yes,7,7,7
90,8.5,7.88,6,No,1,5,1
90,8.32,5.34,8,No,10,6,3
104,5.9,5.6,6,No,5,4,7
135,6.6,7.9,6,Yes,6,8,6
106,6.64,6.53,5,Yes,7,9,8
87,8.91,8.19,5,Yes,8,2,4
106,5.72,7.51,8,No,4,4,5
105,8.2,6.15,9,Yes,10,8,10
69,6.34,7.93,6,Yes,2,8,7
109,7.92,5.52,8,Yes,1,9,10
106,6.68,7.41,6,Yes,7,3,4
120,7.31,6.97,9,No,0,1,8
137,8.33,6.21,6,Yes,9,9,3
126,8.22,7.72,7,Yes,5,1,7
105,8.47,8.92,8,Yes,1,3,2
93,5.24,9.5,5,No,2,3,4
148,7.77,7.73,6,Yes,7,9,7
110,5.56,6.82,8,Yes,0,1,9
110,6.66,6.01,8,Yes,5,7,6
109,7.19,6.16,6,Yes,2,2,0
112,6.61,7.16,5,No,5,7,3
107,7.08,6.65,5,Yes,2,1,1
101,8.99,9.11,6,No,10,10,1
101,5.54,6.66,8,Yes,10,10,6
109,7.7,6.68,5,No,7,8,2
101,6.58,6.73,6,No,4,10,2
99,5.53,8.76,6,Yes,3,10,5
111,5.63,7.93,6,No,8,2,5
106,8.8,7.76,8,Yes,4,3,0
132,8.52,6.5,5,Yes,3,8,0
70,8.63,8.68,8,Yes,7,3,10
126,8.97,5.17,7,Yes,7,1,5
128,5.83,8.92,5,No,7,9,6
78,6.42,7.31,8,Yes,3,8,8
104,7.68,6.79,5,No,0,4,3
104,6.94,7.24,7,Yes,1,8,9
88,6.67,8.0,9,Yes,3,5,5
98,6.43,5.06,6,No,9,3,2
93,7.38,8.92,8,No,1,1,10
136,7.3,7.01,7,No,10,10,3
124,5.65,6.54,7,No,9,5,8
129,6.89,5.62,5,No,2,6,0
120,7.21,6.98,5,Yes,8,4,4
93,7.28,7.23,6,No,8,7,10
102,5.84,6.82,5,Yes,10,3,6
117,7.97,8.05,8,Yes,8,7,2
91,5.1,6.89,8,Yes,6,1,1
120,6.42,9.33,8,Yes,3,7,10
106,8.12,7.7,9,Yes,0,1,1
104,7.26,8.63,8,No,2,1,0
120,6.04,5.49,5,No,7,2,4
116,7.78,6.79,5,Yes,3,2,2
104,7.27,6.52,8,Yes,9,4,10
127,8.18,7.56,7,Yes,9,1,6
93,7.94,8.88,7,Yes,1,4,0
119,7.44,5.35,7,No,7,2,8
118,6.95,5.33,6,Yes,6,4,1
105,5.53,8.83,9,Yes,10,4,7
114,6.05,5.96,8,No,9,9,9
91,6.68,8.01,6,No,8,9,3
123,7.4,7.44,7,No,1,1,5
107,7.05,8.75,8,No,4,5,8
102,6.15,5.56,6,Yes,5,7,6
125,5.03,5.58,5,Yes,1,4,7
99,6.98,7.51,7,No,1,5,6
88,6.14,9.26,6,No,9,2,1
86,7.94,6.87,5,Yes,3,3,8
119,5.1,6.47,7,Yes,7,7,0
90,7.34,7.73,9,No,10,10,1
136,8.77,9.19,7,Yes,4,7,2
78,5.7,8.77,9,Yes,8,4,2
135,6.89,9.48,9,Yes,3,1,9
113,5.37,5.1,9,Yes,2,1,3
108,7.5,5.51,8,Yes,9,4,4
101,7.2,7.74,8,Yes,7,4,5
115,6.63,8.69,9,No,0,6,0
109,7.09,6.28,5,Yes,8,7,7
126,8.59,6.08,9,Yes,3,9,5
111,5.79,8.54,6,Yes,10,9,9
112,5.09,5.25,9,No,8,10,8
104,8.45,6.66,8,Yes,7,5,4
109,7.31,7.28,8,Yes,2,10,6
114,8.56,7.52,6,No,2,3,10
84,7.39,8.28,6,Yes,8,3,3
89,8.24,6.6,7,Yes,2,6,5
121,6.72,7.76,5,Yes,3,1,5
112,8.0,7.63,5,No,8,7,3
107,8.65,7.46,5,No,3,3,5
110,7.29,7.88,8,No,10,5,7
115,5.72,6.17,5,Yes,2,7,10
101,6.08,5.38,7,No,6,7,4
98,5.79,5.54,7,Yes,5,9,1
112,5.99,6.01,5,No,0,1,8
95,6.23,7.25,6,No,9,3,10
116,7.22,8.78,7,Yes,7,9,3
84,7.35,8.16,6,No,0,8,3
125,6.71,8.55,8,Yes,3,2,10
117,7.46,6.58,7,Yes,5,8,6
113,5.33,6.82,6,No,5,8,9
124,5.35,6.77,5,Yes,6,2,9
134,5.69,5.86,8,Yes,10,8,5
125,7.07,5.28,9,Yes,4,3,3
82,5.86,7.66,9,No,4,7,5
90,6.13,9.45,5,Yes,3,9,2
100,6.6,5.75,8,Yes,5,4,6
110,8.25,5.21,8,No,6,6,5
117,5.06,8.51,8,Yes,9,9,2
99,7.6,6.14,8,Yes,9,5,0
112,7.68,8.73,9,No,0,1,9
98,8.19,8.17,6,Yes,8,3,4
100,8.73,9.26,8,No,7,9,9
88,5.08,6.84,6,Yes,6,3,1
96,5.62,7.98,8,No,8,10,6
89,8.54,7.09,7,No,2,2,6
95,6.83,7.84,7,Yes,9,4,3
125,7.26,7.02,7,Yes,3,5,5
95,7.65,5.85,8,No,6,7,0
149,7.72,7.29,6,Yes,5,7,1
117,8.73,7.38,9,Yes,1,9,5
112,8.99,8.65,5,No,1,8,1
97,7.88,8.31,9,No,9,2,10
120,6.15,7.99,8,No,6,8,3
101,8.52,5.51,7,Yes,8,8,3
111,5.2,8.24,7,Yes,10,5,9
148,5.92,7.25,6,No,8,3,8
108,8.59,9.02,8,No,6,9,9
127,6.02,9.14,9,No,10,7,6
99,5.88,5.25,8,No,7,1,6
109,5.55,8.69,8,No,9,8,10
136,8.44,5.17,7,Yes,2,10,0
100,7.0,6.65,9,No,0,5,10
137,7.7,7.44,5,Yes,6,6,4
120,5.96,5.67,7,Yes,7,9,2
101,8.03,8.36,9,Yes,1,10,2
119,8.04,5.04,6,No,8,8,5
124,6.25,5.76,7,No,3,3,3
119,6.64,7.61,6,Yes,9,5,7
86,5.84,8.21,7,Yes,10,4,3
99,8.91,9.12,8,Yes,8,1,7
106,7.58,8.17,9,No,2,5,3
108,8.74,8.02,6,No,7,10,2
119,6.21,6.77,7,Yes,10,7,4
112,8.13,5.01,6,No,1,1,4
89,8.06,5.54,7,Yes,2,4,9
115,7.77,7.41,7,Yes,0,6,9
119,8.86,8.04,5,Yes,4,9,0
118,6.57,6.88,5,No,3,8,7
126,5.52,8.29,5,Yes,0,2,7
122,7.69,7.35,6,No,9,3,7
116,7.92,5.33,8,Yes,8,10,9
108,7.3,5.86,7,Yes,5,5,3
85,5.83,8.78,9,Yes,5,7,8
116,7.02,8.26,5,Yes,10,3,9
113,6.25,9.03,6,Yes,1,7,2
114,6.71,5.53,6,No,6,5,6
90,7.58,9.46,6,Yes,8,10,5
93,7.98,5.94,9,No,5,6,8
125,5.93,5.05,9,Yes,10,6,3
109,6.62,9.49,5,Yes,7,4,3
120,6.08,6.26,9,Yes,4,8,5
110,5.79,8.01,5,No,1,9,7
110,8.13,5.8,9,Yes,3,2,2
124,8.64,7.61,9,Yes,0,9,10
102,6.48,9.07,9,No,0,4,7
111,8.01,6.44,5,Yes,5,6,7
103,8.59,8.02,7,No,1,7,6
103,8.38,5.85,5,Yes,5,4,6
105,5.73,7.81,7,No,0,8,4
113,8.83,6.51,6,Yes,10,10,1
102,6.51,5.95,6,No,9,8,1
128,6.36,6.41,5,Yes,2,1,9
96,5.25,5.8,7,Yes,8,8,7
107,6.94,9.06,7,Yes,1,10,10
103,5.44,6.79,7,Yes,7,3,5
131,5.99,6.1,6,No,5,5,7
112,6.27,7.02,5,Yes,5,10,2
125,8.24,6.44,8,Yes,6,8,0
87,8.5,8.35,7,Yes,4,6,5
114,6.21,9.37,7,Yes,10,4,1
123,8.43,6.97,8,Yes,3,4,8
111,8.43,8.87,5,Yes,5,4,4
125,8.06,7.55,7,No,7,6,4
102,5.59,5.71,5,No,3,7,9
131,7.76,8.11,7,Yes,4,5,7
144,8.78,7.31,9,No,6,10,5
104,7.73,7.93,7,Yes,5,8,2
103,6.33,9.0,9,Yes,3,7,8
131,7.0,6.98,5,Yes,3,8,9
133,7.58,9.06,7,Yes,9,4,3
102,7.04,8.38,6,Yes,3,8,9
103,5.48,7.2,6,No,0,6,3
105,6.25,7.71,8,No,4,3,1
89,8.21,6.47,6,Yes,7,8,2
96,8.45,9.43,9,Yes,6,7,3
94,5.55,8.0,6,No,4,10,6
98,8.81,5.2,6,Yes,2,5,2
109,6.32,6.47,6,No,10,4,7
113,7.65,7.8,7,Yes,0,1,7
133,8.01,5.25,8,Yes,6,10,9
95,8.25,5.11,5,Yes,10,3,10
124,8.78,7.03,8,No,2,2,1
106,6.25,6.5,9,No,3,8,3
109,8.43,6.97,7,Yes,4,8,7
120,5.53,6.18,7,No,7,5,0
93,7.82,5.74,6,Yes,6,5,0
115,7.97,8.1,6,Yes,8,4,3
112,7.71,7.32,9,No,10,1,10
117,6.01,5.9,7,Yes,2,1,1
114,8.49,6.44,5,Yes,10,6,0
146,5.68,7.66,8,Yes,9,4,7
100,5.21,5.33,7,No,0,4,1
102,7.87,5.66,5,No,0,3,3
100,6.9,5.33,5,No,9,9,2
101,8.4,8.66,8,Yes,0,3,1
100,6.53,8.39,5,No,1,8,7
127,5.67,8.39,9,Yes,1,2,2
131,8.35,8.22,5,No,6,4,8
101,7.2,8.01,9,Yes,8,1,9
97,5.76,7.15,5,Yes,7,5,4
117,7.88,7.89,6,Yes,3,2,8
101,7.04,5.17,5,No,1,1,2
119,7.42,7.8,9,No,2,1,4
113,6.84,8.5,5,Yes,9,2,9
87,8.31,7.25,5,Yes,4,5,5
133,8.32,6.61,5,No,8,9,8
136,7.84,6.25,9,Yes,7,6,7
100,5.42,7.89,5,No,2,4,1
104,8.36,8.12,8,No,8,3,1
114,7.68,8.92,8,Yes,9,8,4
115,7.79,6.54,9,Yes,2,3,4
119,6.45,8.46,6,Yes,9,1,4
140,8.52,7.53,8,Yes,7,4,3
107,7.9,8.97,7,Yes,0,5,7
98,5.45,7.38,8,No,3,5,10
89,6.63,7.33,7,Yes,3,5,4
99,8.55,7.6,9,Yes,5,8,0
109,5.19,8.37,6,No,1,8,9
136,8.85,9.34,7,No,6,4,4
102,7.72,5.33,7,No,4,9,0
113,7.53,5.24,8,Yes,9,1,3
109,6.08,9.22,7,No,5,5,0
127,6.0,7.38,9,No,10,5,5
147,8.77,7.77,9,Yes,5,5,5
102,6.19,7.17,9,Yes,10,8,0
102,8.1,5.42,8,Yes,5,9,7
125,6.57,8.46,6,No,9,3,3
120,5.56,8.36,8,Yes,7,9,1
137,5.04,6.4,9,No,9,8,0
118,7.18,6.38,8,No,3,3,10
104,8.9,8.77,9,Yes,9,2,2
118,6.48,5.33,5,Yes,7,4,6
126,6.43,8.96,5,Yes,8,2,9
122,6.38,6.15,7,Yes,3,4,10
117,7.08,7.67,6,No,0,5,9
126,6.76,9.21,5,No,2,2,7
127,8.52,8.05,9,Yes,0,8,4
130,7.02,6.86,8,No,6,1,6
119,7.03,8.1,8,Yes,0,3,1
107,5.55,6.55,7,Yes,10,7,3
112,8.93,6.25,8,Yes,3,10,5
128,6.0,9.49,5,Yes,0,1,4
97,5.29,8.38,8,No,1,2,5
115,7.65,7.9,5,No,10,3,1
104,7.38,6.6,5,Yes,0,2,6
110,6.66,5.22,6,Yes,4,2,7
129,6.69,5.14,7,Yes,6,6,10
112,8.14,7.49,9,Yes,2,7,8
110,5.78,8.43,5,No,7,6,5
89,8.28,7.42,7,No,4,6,6
121,7.59,8.78,9,No,4,9,0
119,6.68,5.15,8,Yes,4,8,8
142,6.83,6.65,7,Yes,7,8,5
105,6.03,6.07,7,Yes,1,6,3
113,8.01,7.01,7,Yes,1,5,9
113,7.05,5.33,8,Yes,7,9,8
133,6.28,9.29,8,Yes,8,2,0
108,7.38,6.0,7,Yes,10,7,1
114,8.98,9.15,6,No,9,6,2
119,6.74,6.92,5,No,9,7,0
112,8.68,9.43,8,Yes,1,4,1
103,6.38,7.49,6,No,3,9,1
112,5.22,9.19,8,Yes,7,7,6
126,5.82,5.02,7,Yes,1,2,9
94,6.67,8.37,6,No,3,4,5
111,5.88,9.06,9,Yes,9,5,8
99,5.0,5.63,5,No,0,2,4
127,8.66,5.43,5,Yes,1,10,8
87,8.38,6.91,8,Yes,6,8,9
101,7.97,9.2,5,Yes,0,1,8
115,5.67,7.44,9,No,0,3,1
133,5.48,7.37,6,No,1,1,8
109,5.27,5.64,6,No,3,5,2
101,7.9,5.0,7,No,6,8,10
138,8.72,8.65,6,Yes,3,7,2
88,6.72,5.39,8,Yes,4,9,10
77,5.48,7.85,9,No,3,2,8
116,7.05,9.12,7,Yes,3,8,6
102,6.4,5.94,8,No,8,8,10
94,6.5,7.99,8,Yes,5,6,7
120,7.49,5.35,8,Yes,2,3,6
113,7.87,7.72,5,Yes,5,2,8
101,5.44,5.74,8,No,6,8,7
90,5.14,8.31,5,No,6,6,3
123,8.98,6.36,6,Yes,7,4,1
119,5.93,7.09,5,Yes,3,5,10
108,5.22,7.7,8,Yes,0,5,4
137,5.76,5.77,9,Yes,5,9,1
93,5.16,8.34,9,No,7,9,3
87,6.57,6.36,6,Yes,4,8,1
99,8.21,7.98,8,Yes,2,8,4
109,6.36,5.71,5,Yes,3,2,5
113,6.78,8.1,9,Yes,7,3,10
106,7.7,5.58,7,No,5,8,0
115,7.04,6.91,8,Yes,4,5,7
91,8.45,6.11,8,Yes,8,7,1
131,8.46,8.37,7,No,9,8,4
108,5.04,6.18,9,Yes,2,6,10
126,8.11,8.97,7,No,6,5,7
115,6.84,9.01,6,Yes,8,8,4
116,8.96,5.88,5,Yes,10,1,2
118,6.93,7.76,5,Yes,10,1,5
116,8.95,5.39,9,Yes,3,1,0
119,8.02,6.76,7,Yes,9,3,0
129,5.99,8.21,8,Yes,9,10,7
112,7.15,7.97,8,Yes,2,6,6
120,8.97,7.81,8,Yes,0,6,9
108,8.43,6.27,6,No,8,5,9
131,5.39,6.7,6,No,0,7,10
99,7.83,5.46,8,Yes,1,5,10
137,6.38,8.24,9,Yes,8,2,2
109,5.03,7.27,6,No,4,4,7
88,6.61,8.19,6,No,3,1,10
111,5.94,6.12,5,Yes,8,7,7
99,8.28,6.46,5,Yes,8,4,0
122,6.35,6.5,9,Yes,1,4,9
100,8.31,5.12,6,Yes,2,4,6
103,5.0,6.53,6,No,2,3,1
81,6.23,8.61,7,No,4,8,1
103,5.96,9.04,9,No,2,4,1
73,5.93,7.33,9,Yes,9,8,4
86,5.27,7.05,7,Yes,5,9,6
121,5.75,5.14,7,No,1,1,3
121,7.22,8.96,5,Yes,5,4,10
116,6.17,5.06,9,Yes,5,6,3
95,6.67,9.25,9,Yes,1,8,8
109,6.51,7.2,7,Yes,5,6,9
109,8.5,6.54,8,Yes,5,6,8
92,8.62,9.16,8,Yes,5,10,6
132,6.97,5.11,5,No,4,4,9
123,6.32,7.62,8,No,6,9,3
106,5.43,7.47,8,Yes,4,7,7
110,8.81,5.99,8,No,10,6,9
113,5.24,6.93,6,Yes,0,1,2
79,6.19,7.94,5,Yes,8,2,2
106,6.19,8.27,7,No,2,6,6
99,6.28,5.0,8,Yes,1,1,10
94,5.66,9.22,6,Yes,9,5,8
105,8.13,5.74,8,No,5,1,10
136,5.49,6.05,6,No,7,3,3
119,7.54,6.19,5,Yes,1,7,3
101,5.5,5.17,8,Yes,3,5,0
118,5.28,5.55,6,Yes,1,10,0
130,8.64,9.44,9,Yes,8,1,2
123,5.76,6.42,9,Yes,9,1,6
110,8.29,5.52,6,Yes,1,8,8
100,7.18,5.48,8,No,9,9,3
120,5.31,8.24,8,Yes,1,7,1
115,8.82,8.85,5,Yes,4,3,5
123,5.99,6.16,5,Yes,4,6,5
119,8.44,5.09,7,Yes,6,3,8
125,5.68,6.0,5,No,0,10,3
101,8.42,5.25,8,Yes,1,4,7
129,5.05,5.47,7,No,10,4,2
112,7.05,6.94,5,No,10,3,1
141,8.08,6.03,6,No,5,10,8
99,8.74,7.32,9,Yes,1,6,5
136,8.64,6.14,5,No,3,5,10
112,8.28,9.23,5,Yes,9,9,7
100,8.55,9.08,6,Yes,5,9,10
102,5.8,7.55,8,Yes,6,3,9
105,6.14,6.59,6,Yes,9,9,8
116,6.16,6.72,5,Yes,4,3,0
117,6.51,6.85,8,Yes,7,4,0
101,6.57,8.27,7,Yes,5,1,10
109,7.18,7.03,5,No,4,5,4
142,5.64,8.86,6,Yes,3,9,8
135,7.76,9.25,7,Yes,5,2,6
116,5.67,6.51,9,No,5,4,6
110,6.24,7.52,7,Yes,5,10,1
111,7.01,5.43,6,No,0,2,2
119,8.19,5.9,7,No,5,8,3
94,7.96,6.86,6,Yes,0,9,1
106,7.58,5.93,5,Yes,4,3,9
84,5.62,8.94,8,No,6,9,8
115,7.19,5.71,9,No,0,6,4
119,5.35,7.05,8,No,0,6,6
102,6.51,7.73,8,Yes,5,7,10
133,6.65,8.11,8,No,6,5,8
91,5.16,6.72,6,Yes,5,6,4
88,6.1,8.91,6,Yes,4,1,5
113,8.82,7.56,9,Yes,5,3,3
125,8.81,6.98,6,Yes,2,9,7
135,6.41,5.3,6,No,8,5,0
103,5.17,7.09,6,No,4,5,0
126,5.72,8.69,6,No,1,8,4
109,6.57,7.77,5,Yes,9,2,9
107,8.79,8.74,9,Yes,9,7,8
123,5.56,7.22,6,No,6,9,1
119,8.05,5.53,9,Yes,2,7,10
86,5.43,5.06,7,No,0,5,2
132,8.93,6.36,5,No,2,6,7
130,6.53,8.14,6,No,8,4,4
100,8.1,8.56,5,Yes,4,7,2
115,6.37,6.33,5,No,6,1,5
117,7.51,7.23,7,No,2,4,5
113,5.77,6.9,9,Yes,3,3,4
101,5.58,6.85,5,No,0,4,4
99,8.75,6.04,8,Yes,2,1,5
109,8.67,5.61,7,Yes,6,2,1
127,8.55,5.89,8,No,3,9,5
118,7.5,5.25,7,No,1,7,1
104,8.23,5.89,8,No,4,6,2
121,5.28,5.04,8,Yes,4,2,1
67,6.34,7.82,5,Yes,1,1,0
127,6.25,6.42,5,No,10,2,0
83,7.54,9.38,7,Yes,5,7,8
104,6.42,5.87,9,Yes,9,2,3
93,5.59,6.56,5,Yes,3,3,4
90,7.39,6.61,5,Yes,0,8,9
127,8.26,5.04,6,No,2,7,6
102,6.53,8.78,5,No,8,9,1
115,5.53,5.14,9,Yes,9,4,10
109,5.79,9.23,6,Yes,6,7,9
117,5.95,9.01,8,Yes,5,1,8
111,6.2,7.41,8,Yes,0,2,3
90,7.57,7.45,6,Yes,8,7,9
124,7.4,7.94,6,Yes,8,2,9
102,7.78,6.74,6,No,0,6,0
86,6.45,7.91,7,No,5,10,7
103,8.3,5.2,9,Yes,6,9,3
132,5.82,5.24,9,No,1,5,6
122,6.88,7.06,8,No,9,10,2
104,8.2,7.47,8,Yes,7,7,10
104,5.72,9.0,8,Yes,7,1,8
105,5.44,5.47,5,Yes,5,8,4
141,8.53,8.7,8,Yes,8,9,4
115,6.37,5.95,6,No,2,5,2
116,7.74,6.77,8,No,1,6,10
125,5.1,6.42,6,Yes,1,8,8
113,7.76,6.8,7,No,5,4,2
106,6.26,5.68,5,No,6,2,1
107,5.22,7.27,5,Yes,5,10,10
108,7.44,8.61,9,Yes,10,8,8
109,5.96,6.99,7,No,2,2,8
120,6.55,7.21,6,No,4,5,9
110,5.32,8.82,7,No,7,6,3
120,5.59,8.18,5,No,5,5,3
108,6.19,7.21,6,Yes,1,6,10
111,5.36,6.16,7,Yes,6,6,9
80,8.64,8.98,5,Yes,7,3,5
123,5.02,7.6,6,Yes,3,3,8
115,6.94,6.0,6,No,0,9,7
124,5.49,6.21,5,No,1,3,9
66,6.23,8.61,6,No,3,3,2
141,8.7,5.2,5,Yes,6,2,5
107,5.65,9.46,8,Yes,1,7,6
126,8.86,5.59,8,Yes,5,10,5
94,5.82,8.58,6,Yes,1,10,2
119,7.97,6.78,6,No,6,4,8
94,7.19,7.21,5,Yes,1,1,3
100,8.54,8.96,6,No,2,6,1
138,7.22,6.86,9,No,8,5,8
107,7.14,7.42,8,Yes,3,2,2
113,5.78,5.22,6,Yes,4,6,5
123,5.66,5.01,6,No,8,1,4
117,8.67,6.1,7,Yes,6,3,1
112,6.31,8.06,6,No,7,4,0
115,6.49,5.55,9,Yes,10,3,8
146,8.04,5.51,8,Yes,2,6,2
109,6.36,6.85,7,Yes,10,4,6
113,8.81,7.92,5,Yes,10,1,8
125,7.95,8.2,5,No,3,5,8
126,7.39,5.8,8,Yes,6,5,9
127,8.52,5.36,5,No,3,9,5
119,5.2,9.23,9,No,1,8,7
92,6.03,6.17,6,No,9,8,8
134,6.86,8.84,8,Yes,5,5,2
92,5.91,8.89,7,No,8,8,5
114,7.98,8.48,6,Yes,1,10,4
98,8.68,5.76,5,Yes,0,7,6
109,6.7,8.7,5,No,7,1,6
114,6.37,8.46,7,Yes,0,7,8
114,8.85,7.69,9,No,0,8,0
116,6.78,6.52,7,Yes,2,3,5
134,6.96,6.18,8,No,4,9,4
116,6.41,5.55,7,Yes,8,8,3
106,8.64,7.29,5,No,10,2,9
124,7.28,7.63,9,No,9,6,10
127,8.05,6.62,9,Yes,1,4,0
91,8.25,7.14,7,Yes,0,3,3
118,6.37,6.64,8,No,0,6,9
120,6.73,7.88,5,Yes,7,10,10
105,8.39,9.06,6,Yes,9,9,6
130,6.45,5.74,9,Yes,9,2,3
107,8.18,6.72,7,No,9,10,0
111,8.76,5.63,8,No,1,10,9
107,7.49,7.81,8,No,8,10,0
110,7.97,8.28,5,No,8,5,0
93,8.22,9.19,9,No,1,6,10
88,8.38,6.25,5,Yes,2,4,9
133,6.58,9.28,6,Yes,1,7,4
97,5.21,5.28,6,Yes,5,2,6
95,6.61,7.71,6,No,6,7,8
77,7.7,5.26,8,No,5,2,7
100,6.8,9.02,9,Yes,2,1,1
90,8.0,7.38,5,No,2,5,8
134,6.43,8.01,5,Yes,1,2,3
125,7.54,8.74,6,No,1,8,9
99,5.75,5.68,9,Yes,10,8,10
143,8.0,5.17,9,Yes,4,1,4
124,7.18,8.95,7,No,10,4,10
105,5.82,6.42,9,No,10,9,4
72,6.17,5.58,9,Yes,7,5,3
144,7.99,7.11,5,Yes,5,10,5
89,6.93,7.69,9,No,8,6,0
85,5.86,5.14,9,No,10,3,1
125,8.87,6.24,5,No,4,5,3
146,7.86,5.15,9,Yes,9,1,3
130,8.83,6.89,5,No,3,8,7
118,6.71,9.03,7,No,8,6,8
118,6.9,9.42,8,No,9,2,3
122,8.59,7.87,5,No,10,4,5
121,7.1,5.73,5,Yes,4,4,3
114,7.83,9.08,9,Yes,0,9,3
111,6.01,7.32,5,No,4,9,10
109,6.79,5.69,6,Yes,4,5,8
98,5.49,9.15,6,No,4,3,3
105,5.82,8.41,7,Yes,1,1,5
84,5.0,8.29,5,Yes,5,6,8
108,5.16,8.19,9,Yes,4,8,2
95,8.91,5.9,9,No,1,1,6
93,5.97,5.95,8,Yes,9,1,6
112,7.65,8.1,7,No,7,7,0
130,8.36,5.99,9,Yes,5,7,10
123,7.2,6.97,8,No,10,2,1
86,5.61,8.52,9,Yes,9,3,4
95,7.91,8.53,8,Yes,10,2,7
124,7.4,7.04,6,No,2,6,5
95,7.93,8.56,6,Yes,8,8,6
106,8.08,8.77,9,Yes,10,8,2
118,8.9,7.95,7,No,10,1,5
95,7.29,6.03,5,Yes,3,9,8
111,6.37,6.23,7,Yes,2,8,2
89,7.59,6.42,7,Yes,6,9,5
100,5.27,5.53,5,Yes,7,9,6
114,8.59,6.23,6,Yes,6,6,4
86,5.48,5.94,6,Yes,0,3,9
116,6.31,7.05,5,No,0,1,7
109,8.26,9.09,8,Yes,4,8,7
118,7.39,5.47,7,No,7,10,5
113,6.57,8.24,9,Yes,9,3,6
130,6.89,8.09,6,Yes,10,7,2
111,8.42,5.43,9,Yes,2,10,6
103,6.36,9.15,5,No,7,6,6
111,8.48,7.56,9,No,2,3,3
118,5.35,6.64,9,No,3,6,9
110,8.11,8.4,7,Yes,9,3,3
110,8.39,6.16,5,No,6,9,2
99,5.73,8.12,9,No,2,1,9
100,6.72,5.18,6,Yes,3,8,6
88,5.66,8.78,5,Yes,7,5,4
136,7.83,7.02,6,Yes,3,4,2
91,7.14,7.87,8,No,8,1,5
99,7.54,6.0,9,Yes,3,9,5
99,5.79,8.05,5,No,3,9,5
123,5.85,8.48,6,Yes,4,5,1
105,5.17,7.13,9,Yes,0,9,10
128,6.29,7.78,7,Yes,6,10,9
99,7.24,7.05,6,Yes,8,9,6
114,8.43,9.02,6,Yes,8,7,6
97,7.67,7.24,8,Yes,0,8,9
142,6.74,8.79,7,No,5,1,3
92,8.81,8.61,8,Yes,2,4,10
114,7.88,6.85,7,Yes,3,10,5
119,8.72,6.04,6,Yes,7,10,3
116,7.11,6.83,8,Yes,3,4,3
107,6.04,8.72,9,Yes,7,9,5
108,5.21,6.02,7,Yes,3,3,8
110,7.9,7.36,6,Yes,8,10,6
107,5.49,8.63,5,Yes,5,10,1
124,6.21,6.59,7,No,0,1,5
143,7.13,7.89,7,Yes,9,5,4
101,7.26,6.11,9,Yes,1,7,5
89,7.4,5.49,7,Yes,6,4,7
108,5.67,8.57,7,Yes,9,9,7
148,6.52,5.45,9,No,6,6,2
97,7.47,6.22,9,Yes,2,6,8
134,8.88,8.85,8,Yes,0,3,5
135,7.91,6.56,6,No,7,10,6
101,8.69,9.38,6,Yes,9,10,8
118,8.05,9.41,8,No,10,5,6
134,7.37,6.21,6,No,10,10,9
104,5.77,5.18,7,Yes,9,6,8
106,7.67,8.17,8,Yes,6,4,0
101,7.49,7.03,8,Yes,9,3,0
94,7.41,5.45,6,Yes,7,5,2
100,6.96,8.18,5,Yes,0,7,8
91,7.11,5.14,6,Yes,2,6,0
110,6.34,8.92,5,No,1,2,0
98,7.08,5.62,8,Yes,0,1,4
113,5.79,5.57,5,No,4,5,7
86,8.22,5.79,7,No,2,5,1
114,5.74,9.32,9,No,9,6,3
122,5.34,8.12,5,Yes,7,3,5
80,6.74,8.61,9,Yes,5,1,0
115,7.63,6.79,7,No,9,4,3
128,6.75,6.51,9,No,8,4,3
91,6.11,6.06,7,No,8,10,8
135,7.23,7.16,9,No,10,2,8
116,6.39,7.48,9,Yes,5,8,5
99,8.73,7.84,6,Yes,1,6,7
109,8.69,6.16,5,Yes,8,3,9
118,7.01,9.27,9,No,1,1,3
111,6.31,5.76,8,Yes,2,3,9
118,7.95,9.35,6,No,5,8,7
96,5.15,5.07,5,No,1,4,2
112,6.9,7.17,6,No,4,3,1
88,6.35,6.5,5,Yes,1,4,5
108,8.68,7.02,7,Yes,3,4,4
96,5.05,7.57,9,No,10,2,7
98,7.21,6.96,8,Yes,10,4,0
128,7.96,6.87,6,Yes,2,9,10
126,6.94,8.3,6,Yes,4,4,9
119,5.34,8.09,6,Yes,5,1,2
93,8.89,8.75,6,Yes,6,1,6
105,7.07,6.12,9,No,9,1,9
128,7.46,7.74,5,No,7,5,3
112,5.95,7.63,9,No,8,6,9
144,6.93,6.66,7,Yes,3,6,4
115,6.72,7.19,9,No,3,6,7
112,5.3,6.41,9,No,6,9,0
105,5.42,5.64,7,No,9,1,0
112,8.35,5.96,9,No,9,10,6
107,5.96,5.47,5,No,10,6,8
120,5.78,8.07,8,Yes,8,8,3
124,7.02,7.97,7,No,10,8,7
98,8.07,9.28,6,Yes,1,3,9
90,5.25,8.28,5,Yes,10,5,6
82,7.31,5.23,8,No,5,10,1
117,5.48,8.98,5,Yes,9,4,4
93,5.15,8.88,5,Yes,9,1,8
77,5.21,6.99,6,No,7,9,8
115,8.34,7.64,8,No,4,5,2
147,5.47,9.39,5,Yes,4,2,10
109,5.18,7.4,6,No,7,2,2
122,6.75,9.07,7,Yes,0,7,1
111,8.38,5.37,6,Yes,5,4,6
108,6.05,5.86,9,Yes,9,1,5
123,6.69,6.98,6,Yes,8,5,4
105,5.16,7.63,6,Yes,5,2,6
114,6.8,8.67,6,Yes,6,7,3
114,7.31,9.45,5,No,3,9,4
99,7.28,6.75,8,No,9,1,8
124,6.33,5.21,6,No,0,2,10
107,6.26,8.61,6,No,8,6,8
98,5.43,7.72,9,Yes,5,8,3
118,6.47,5.89,9,No,2,7,5
96,5.4,7.23,7,No,3,9,1
110,8.07,8.34,7,Yes,9,2,2
109,8.87,8.47,9,Yes,5,9,8
126,8.88,7.25,8,No,5,4,5
117,8.46,6.37,7,No,8,3,7
109,7.4,9.38,8,No,3,7,10
122,7.8,7.99,9,Yes,4,5,4
130,6.14,6.84,7,Yes,4,5,1
118,7.52,6.26,6,Yes,2,2,6
110,6.82,8.29,9,No,1,6,5
90,6.93,6.09,7,Yes,7,6,10
94,8.03,5.77,8,Yes,9,4,1
105,6.13,7.38,8,Yes,8,5,5
100,6.27,6.3,7,No,9,7,7
107,8.7,7.83,8,Yes,10,8,0
110,5.22,5.53,7,Yes,8,6,3
117,6.94,7.95,7,No,4,5,0
108,8.65,6.27,8,No,10,3,1
117,7.44,5.0,5,Yes,8,7,0
110,7.19,5.57,6,Yes,3,8,5
80,6.0,9.2,9,No,1,3,10
95,6.37,8.9,6,Yes,2,5,5
107,8.41,6.05,9,No,0,2,0
91,7.24,8.5,9,No,4,10,3
118,7.06,7.74,6,Yes,0,10,3
132,5.4,9.37,7,No,10,4,7
128,5.06,6.68,8,No,0,4,5
106,8.85,8.07,5,Yes,10,8,1
132,6.51,5.29,5,Yes,10,3,4
112,7.41,6.78,5,No,6,5,3
104,5.32,9.34,6,Yes,1,5,9
100,7.73,7.43,6,No,7,2,3
105,8.73,6.3,7,No,5,9,7
104,7.3,5.54,5,Yes,3,4,4
112,5.5,8.17,7,No,8,9,2
112,7.33,7.9,5,No,9,9,9
110,8.07,6.68,6,Yes,7,2,3
116,6.63,9.28,8,Yes,9,9,0
127,8.52,5.1,8,No,2,9,5
124,7.59,6.37,8,Yes,2,2,10
87,8.6,9.14,8,Yes,3,6,9
71,7.49,6.44,9,No,8,9,3
124,5.53,6.14,5,No,8,4,5
89,6.24,7.4,8,No,4,2,1
106,5.81,8.71,9,Yes,8,7,4
92,8.64,5.46,9,Yes,5,9,10
82,8.04,9.24,9,Yes,7,6,8
118,7.71,8.58,7,No,10,4,7
121,6.2,5.82,7,No,7,1,2
101,5.74,8.2,9,Yes,9,4,0
71,8.03,6.73,8,Yes,6,3,9
101,6.9,6.81,5,No,3,7,2
115,5.9,8.52,6,Yes,3,10,7
87,7.47,9.33,7,Yes,5,5,10
112,5.16,5.57,8,No,8,3,2
109,6.3,6.89,8,Yes,6,2,4
118,6.87,7.16,6,No,4,2,1
111,5.59,6.69,6,No,4,5,0
95,8.94,6.63,8,Yes,7,8,10
127,5.84,5.24,6,Yes,5,8,9
107,5.52,8.08,8,Yes,0,5,4
109,5.81,6.96,6,No,0,2,4
96,8.08,5.88,6,Yes,8,4,5
103,6.7,8.67,8,No,7,7,1
96,7.26,8.61,9,No,5,6,8
107,5.08,7.19,8,No,0,10,1
135,5.14,6.34,5,Yes,1,7,1
89,6.78,7.87,6,No,9,5,4
85,8.27,6.3,7,No,2,2,8
132,8.54,6.06,6,Yes,9,8,3
106,5.35,8.29,5,Yes,2,2,5
99,7.15,5.18,7,Yes,1,8,1
125,8.65,5.43,7,Yes,1,7,3
100,6.55,5.03,8,No,5,3,8
137,8.32,5.69,9,Yes,6,4,1
120,5.53,5.31,8,No,3,7,0
102,8.74,9.48,7,No,0,4,3
142,8.01,6.3,7,No,5,9,3
100,8.77,5.67,9,No,6,7,0
121,7.71,6.08,6,Yes,3,1,3
114,6.45,9.21,9,No,5,1,2
129,8.75,7.34,8,Yes,8,4,1
133,6.1,6.64,6,Yes,3,9,9
110,6.33,8.93,8,Yes,9,4,3
98,7.8,6.78,9,No,3,5,7
116,8.06,6.51,6,No,9,1,6
99,8.72,5.93,9,Yes,4,2,8
140,5.82,6.7,5,Yes,2,4,7
112,8.19,6.43,7,No,9,4,0
104,7.95,8.05,6,Yes,1,10,1
112,5.26,6.3,7,Yes,8,6,1
89,6.55,7.6,5,No,0,6,7
95,6.13,5.3,6,Yes,4,8,3
128,6.22,5.86,7,Yes,4,9,8
100,8.93,6.83,7,Yes,7,1,1
94,7.57,9.22,6,Yes,5,1,3
118,7.87,6.7,7,Yes,5,6,0
127,8.91,7.99,7,Yes,5,4,2
120,6.51,6.15,6,Yes,3,4,5
124,8.21,5.57,7,Yes,0,1,8
98,6.74,5.26,7,No,2,9,10
88,8.48,6.37,8,No,9,3,0
132,5.72,5.71,8,Yes,10,5,4
105,8.79,5.78,5,No,5,10,1
106,5.88,8.42,8,Yes,4,1,6
129,6.3,5.07,8,Yes,9,8,3
118,8.02,7.51,5,Yes,0,3,4
116,6.58,6.71,7,Yes,4,1,7
142,7.43,7.28,7,No,1,10,1
100,6.78,7.53,8,Yes,0,6,2
123,7.97,6.41,5,Yes,3,1,10
110,5.91,6.33,7,No,5,3,4
114,5.23,8.3,9,Yes,6,5,9
132,6.2,8.92,6,Yes,8,4,3
117,6.9,5.87,6,Yes,4,7,4
118,5.67,5.44,6,Yes,7,6,2
126,6.42,9.04,8,Yes,7,3,8
104,6.6,6.57,6,Yes,10,8,7
97,5.23,7.48,6,Yes,8,8,5
94,7.33,6.62,9,Yes,2,2,0
80,8.54,5.57,7,No,2,7,3
140,5.61,7.65,9,No,8,1,6
93,7.39,7.36,8,No,6,2,9
106,7.66,5.91,6,No,3,8,4
105,6.68,7.03,7,No,0,1,3
114,7.8,8.59,6,No,6,2,8
122,6.64,7.66,6,No,9,1,7
122,7.02,5.44,8,Yes,5,5,2
101,5.03,7.47,6,No,2,7,5
107,7.77,8.16,5,Yes,4,6,3
114,7.65,8.57,7,No,2,6,6
106,5.15,7.83,7,Yes,7,6,0
134,6.47,5.69,5,No,4,8,0
117,8.92,8.2,8,Yes,9,5,5
121,6.68,8.05,6,Yes,9,10,9
119,7.01,5.11,6,Yes,5,7,10
127,8.64,6.85,7,Yes,1,3,6
112,7.87,6.5,8,Yes,7,9,8
90,7.33,8.01,8,Yes,8,10,6
115,8.19,5.97,8,Yes,2,3,8
100,8.46,7.66,6,Yes,5,6,9
102,6.83,9.11,8,No,5,3,8
118,6.9,8.59,5,Yes,1,1,7
128,6.54,9.15,9,Yes,9,1,6
110,8.87,9.4,8,No,7,3,2
114,7.79,5.05,9,Yes,4,4,10
135,5.33,7.8,6,Yes,10,2,2
113,8.45,6.86,8,Yes,10,9,10
149,6.92,8.87,7,No,7,8,4
118,5.28,6.13,6,Yes,7,3,6
83,7.2,9.41,5,Yes,2,7,9
121,6.67,7.76,5,No,4,4,6
115,8.51,8.57,9,Yes,6,5,0
129,5.82,5.39,9,No,4,4,7
120,8.31,5.83,7,Yes,5,9,0
107,7.23,8.41,7,Yes,1,7,10
91,5.22,5.1,5,No,7,4,3
106,8.89,8.68,8,Yes,4,8,1
97,7.05,5.06,5,No,5,2,4
101,6.16,7.96,5,No,0,7,5
118,6.88,6.64,7,Yes,9,1,3
135,8.43,7.75,9,No,1,8,3
115,6.22,8.13,7,Yes,10,6,6
92,5.77,6.54,7,No,3,5,10
116,5.52,5.49,7,Yes,10,9,3
127,6.19,5.31,5,Yes,8,9,1
100,8.12,7.65,8,Yes,5,3,3
107,6.89,7.34,5,Yes,7,9,6
110,5.91,8.34,6,Yes,1,9,0
98,5.66,7.29,7,No,9,2,3
119,6.33,6.9,7,No,4,5,5
108,8.76,6.79,6,Yes,0,2,7
116,6.37,5.12,7,Yes,3,1,7
96,8.95,6.51,7,No,9,7,8
103,6.94,9.39,7,Yes,0,4,4
120,5.72,8.93,6,Yes,10,5,1
104,8.56,6.48,5,Yes,10,4,2
135,6.84,7.65,7,Yes,8,6,1
104,7.84,8.81,8,Yes,1,2,8
113,8.93,6.99,6,No,6,8,5
123,5.2,5.08,9,No,2,4,10
88,5.39,5.34,6,Yes,1,8,0
83,7.88,7.3,5,No,3,3,2
87,6.13,9.36,6,Yes,6,5,6
128,5.74,8.12,9,Yes,6,3,6
101,5.16,5.32,8,Yes,8,7,4
148,5.09,5.85,9,Yes,2,3,2
101,8.1,8.47,6,Yes,6,8,6
112,5.54,8.79,9,Yes,5,9,4
133,6.87,7.78,6,Yes,9,2,5
140,7.42,7.9,8,Yes,6,3,2
140,6.71,5.13,8,No,6,7,5
128,5.11,8.73,5,No,9,5,6
125,8.13,8.55,8,Yes,4,10,7
118,5.04,6.17,7,No,8,7,1
121,8.05,8.19,9,No,6,2,1
101,8.57,5.97,9,No,6,4,5
97,6.73,5.18,6,Yes,2,1,7
109,7.14,5.91,8,Yes,0,5,4
107,6.91,5.8,5,No,4,8,0
103,6.56,6.52,5,Yes,7,1,10
120,8.55,6.88,5,Yes,4,7,0
124,8.58,7.29,7,Yes,9,7,9
111,6.34,7.15,8,No,2,7,8
132,7.46,6.22,5,No,8,1,3
92,8.71,5.13,7,Yes,1,3,9
107,8.85,7.72,9,Yes,2,2,0
99,7.04,6.78,6,No,3,5,10
82,6.81,6.34,8,Yes,9,2,7
108,6.11,8.9,8,Yes,0,5,1
108,8.84,8.36,9,Yes,10,5,1
132,5.57,8.86,8,No,3,4,0
119,7.32,7.23,8,No,3,7,0
94,6.13,5.59,8,No,8,10,8
137,6.12,8.13,8,Yes,7,6,0
128,6.62,5.93,7,Yes,1,2,5
118,9.0,6.99,7,Yes,6,4,6
106,5.22,5.29,6,No,5,7,3
95,7.31,8.71,8,Yes,6,9,4
104,5.33,5.57,9,Yes,10,9,3
126,5.62,9.06,5,No,3,3,3
138,6.76,8.89,6,Yes,4,1,9
133,7.04,7.09,5,Yes,5,9,0
102,6.04,8.35,5,No,8,8,5
93,6.27,7.79,8,Yes,1,7,9
112,5.35,8.61,9,Yes,10,6,9
83,6.21,6.94,5,Yes,8,10,6
114,8.87,8.54,5,Yes,9,7,6
107,8.78,7.08,6,Yes,0,9,7
103,6.34,9.23,9,No,3,6,6
86,7.28,7.19,9,Yes,4,10,5
117,8.64,7.08,5,No,8,3,7
102,5.02,8.53,9,Yes,5,3,2
92,8.24,8.7,6,Yes,3,4,8
66,8.79,7.5,6,Yes,1,10,2
109,5.37,5.81,6,No,4,10,3
136,5.65,7.1,8,Yes,7,8,9
134,8.84,9.36,5,No,7,10,5
103,7.15,8.39,9,No,5,9,7
100,5.06,8.65,6,No,10,8,2
117,6.03,5.15,5,No,0,10,9
95,6.8,7.11,5,Yes,7,2,5
114,7.77,7.91,8,No,3,4,4
121,7.93,8.74,9,No,1,4,4
128,8.98,5.22,9,No,0,2,4
108,6.15,8.84,6,Yes,6,8,8
106,7.15,7.47,6,No,1,3,6
96,7.13,5.89,5,Yes,3,2,8
97,6.62,6.43,9,Yes,3,7,8
106,5.68,6.27,9,No,9,1,5
115,8.91,7.39,6,No,0,6,5
123,8.41,5.23,7,Yes,1,3,3
97,6.99,5.71,5,No,0,3,7
132,7.41,8.66,9,Yes,5,5,1
105,5.91,5.6,8,Yes,2,3,4
109,7.18,6.05,8,Yes,0,4,0
98,7.78,7.04,7,Yes,7,3,9
73,7.06,7.33,6,No,3,7,1
123,8.96,8.44,6,Yes,9,3,0
121,7.45,7.01,6,Yes,6,10,5
105,6.48,8.55,8,Yes,9,4,1
111,8.09,7.78,6,Yes,1,2,3
117,5.68,5.51,8,No,5,2,4
86,6.54,5.7,7,Yes,5,9,6
102,6.39,6.97,5,Yes,6,1,9
121,6.73,6.79,9,No,0,1,0
91,8.13,8.35,7,Yes,0,10,10
114,6.94,7.61,8,No,1,1,4
89,8.18,6.75,7,Yes,10,3,3
116,7.31,5.77,9,Yes,1,2,6
109,6.37,6.02,5,No,4,3,9
85,8.24,7.59,9,No,0,5,6
127,5.95,6.91,8,Yes,10,9,7
98,5.9,7.32,9,No,1,2,3
97,7.02,5.77,7,No,5,1,3
113,6.04,7.98,6,Yes,2,6,9
127,5.04,8.84,7,Yes,3,3,4
94,7.59,6.16,8,Yes,0,7,4
110,7.04,7.21,5,Yes,4,6,10
116,6.78,9.39,9,Yes,3,7,2
120,8.87,6.5,5,No,7,5,4
112,7.28,7.68,8,Yes,2,1,4
104,8.45,5.41,9,No,9,3,7
97,5.56,7.73,7,Yes,0,3,6
111,7.28,5.4,7,Yes,9,7,7
93,8.47,9.32,8,No,4,3,4
66,7.33,8.22,9,Yes,0,5,10
116,7.87,8.55,7,Yes,10,4,1
123,6.49,8.17,8,Yes,4,4,7
74,5.37,7.65,8,No,8,7,8
94,6.83,7.02,5,Yes,4,1,1
119,6.58,8.86,7,Yes,1,7,0
140,8.47,9.31,9,No,1,8,5
110,5.98,7.25,7,No,9,3,2
99,8.87,9.19,7,Yes,8,3,0
107,8.83,7.62,7,Yes,4,4,5
130,5.99,7.42,8,No,10,6,7
100,6.39,7.05,6,No,7,7,8
98,8.58,5.94,6,Yes,9,1,5
102,8.87,5.02,5,Yes,3,4,5
95,6.77,6.09,7,No,1,7,0
111,6.28,7.29,6,No,3,2,4
134,7.1,6.71,5,No,10,1,2
114,7.75,7.02,8,Yes,3,1,6
106,6.09,9.41,7,Yes,10,10,8
105,7.95,6.58,9,No,8,6,10
86,5.21,7.03,8,Yes,9,5,5
123,5.2,5.6,5,Yes,10,1,4
108,6.55,5.22,8,Yes,5,10,6
107,6.41,8.49,9,Yes,9,3,10
157,6.26,7.57,8,Yes,5,7,8
114,6.96,8.42,5,No,4,9,4
98,6.28,5.67,9,No,5,9,4
103,5.77,7.57,9,No,0,6,9
127,6.24,6.14,8,No,4,3,3
111,8.9,6.03,9,Yes,5,1,4
88,6.64,5.05,8,Yes,7,3,6
123,6.78,5.59,7,Yes,3,10,2
99,7.31,6.39,9,Yes,4,2,3
138,8.93,5.53,8,No,3,5,8
126,5.97,9.44,7,Yes,6,8,1
103,7.73,6.39,9,Yes,9,5,7
129,7.86,5.59,7,Yes,5,1,8
111,7.43,5.9,9,Yes,3,3,4
122,5.35,7.64,5,No,5,5,6
117,7.71,5.29,5,Yes,3,7,5
97,5.26,8.88,8,Yes,7,5,0
100,7.38,9.33,6,Yes,10,10,7
125,7.96,6.11,5,No,2,5,8
104,5.84,7.03,6,Yes,7,7,9
103,8.37,5.1,7,Yes,1,8,10
95,5.12,7.88,7,Yes,5,8,0
116,8.38,6.86,6,Yes,7,7,7
140,6.84,6.22,8,Yes,0,3,2
93,5.87,5.93,9,No,5,2,5
110,5.54,7.94,6,No,8,1,9
131,8.81,6.87,6,No,9,6,7
108,5.29,5.81,6,Yes,9,9,4
116,5.8,8.1,6,Yes,1,3,7
94,6.39,7.54,6,Yes,10,5,6
116,7.48,8.86,8,Yes,0,9,6
107,7.18,5.53,5,Yes,1,9,6
124,5.5,8.54,9,Yes,4,7,8
127,6.16,8.03,5,No,5,4,5
148,5.96,5.52,6,No,0,2,5
118,5.85,8.13,5,No,6,2,10
114,6.64,6.99,8,No,10,4,8
112,7.82,9.25,7,Yes,3,1,5
104,5.87,5.64,5,Yes,8,4,6
115,6.47,7.89,9,Yes,5,6,6
105,6.56,6.72,8,Yes,8,6,1
112,8.91,9.31,7,Yes,0,7,7
129,8.82,6.48,8,Yes,3,5,10
94,8.2,9.33,6,Yes,1,9,5
127,5.97,9.06,7,No,5,2,3
129,5.27,6.22,9,No,3,2,10
108,6.27,8.62,7,Yes,8,4,6
78,6.07,9.48,9,Yes,2,4,7
100,7.02,6.14,6,Yes,0,4,0
129,8.11,6.97,9,No,10,1,9
109,8.43,7.34,8,Yes,10,4,3
95,8.38,6.33,5,No,0,5,3
102,6.44,5.07,8,Yes,8,9,9
122,7.75,5.99,8,Yes,8,3,8
118,6.25,6.27,7,Yes,4,3,5
106,5.24,7.0,6,Yes,1,5,3
104,7.81,5.77,5,Yes,8,10,0
104,5.04,8.93,9,No,7,6,7
96,6.64,8.17,7,Yes,10,3,10
134,6.32,5.38,6,Yes,9,1,8
105,7.77,7.93,5,No,9,10,4
128,8.06,7.94,8,Yes,5,8,4
132,6.22,9.3,6,Yes,6,1,9
124,8.25,5.01,6,Yes,5,2,7
103,6.18,6.12,6,No,4,3,7
116,6.79,9.18,8,No,3,6,4
109,7.91,9.19,9,Yes,6,4,3
96,7.77,8.24,7,No,3,4,5
114,8.95,8.45,9,No,9,9,9
92,5.9,5.41,5,Yes,9,6,4
127,7.65,7.31,7,No,9,2,7
103,7.44,6.04,5,Yes,8,7,8
113,8.66,5.82,8,No,4,3,0
114,5.63,8.65,9,Yes,7,9,8
106,8.01,5.61,6,No,5,6,8
118,7.27,7.11,7,Yes,3,8,5
102,6.1,9.22,6,No,2,1,10
123,6.9,5.84,5,Yes,10,2,9
89,6.34,9.4,6,No,5,6,4
111,7.32,9.47,6,Yes,0,3,6
139,8.56,7.5,8,No,1,1,10
94,7.28,5.77,8,No,6,6,7
99,7.53,6.42,9,Yes,3,5,8
117,7.07,6.91,5,No,4,9,8
112,5.2,6.39,8,Yes,10,6,9
115,5.93,6.26,8,No,9,5,10
117,6.97,9.38,9,No,0,1,2
119,6.24,5.69,7,Yes,1,1,7
126,5.73,8.3,9,No,3,1,0
116,7.02,5.0,6,Yes,7,7,6
106,6.29,7.68,6,Yes,9,6,4
120,6.03,9.12,8,No,3,5,1
138,6.86,6.3,8,No,2,4,1
108,5.53,5.83,9,Yes,2,8,7
95,8.71,7.93,9,Yes,4,8,4
126,8.47,8.21,5,No,2,5,10
108,7.83,8.1,6,Yes,7,4,2
77,5.42,6.44,9,No,4,2,0
122,8.1,6.13,7,No,6,7,10
101,8.23,9.3,5,Yes,10,5,6
108,8.07,9.15,9,Yes,7,3,10
114,5.46,7.06,8,Yes,4,9,2
112,7.58,8.81,9,Yes,7,9,6
120,8.34,7.04,8,No,2,10,1
103,7.31,6.91,8,No,6,8,3
117,7.59,5.71,6,Yes,7,1,1
106,6.83,6.92,6,Yes,6,3,3
121,7.11,7.42,9,Yes,1,2,4
119,5.14,5.1,9,No,7,4,7
95,7.56,7.0,7,No,5,2,1
126,5.33,8.52,5,No,9,8,9
101,6.74,8.06,5,Yes,2,1,2
122,6.17,7.86,9,No,3,4,9
115,7.18,9.09,6,Yes,6,5,4
137,5.53,5.08,7,No,2,10,10
106,7.77,7.51,5,No,0,4,8
104,8.18,8.54,9,No,5,8,9
109,5.65,7.44,6,Yes,2,2,10
105,5.42,6.46,6,No,10,9,4
121,5.58,5.61,6,Yes,9,2,8
85,8.51,8.99,8,No,5,2,3
94,7.11,7.12,6,Yes,9,2,9
93,6.87,8.95,9,Yes,2,10,4
124,5.43,7.64,7,Yes,5,8,8
135,7.6,8.03,9,No,10,3,3
108,8.47,8.62,6,Yes,3,10,4
107,8.31,7.97,7,No,3,10,4
111,7.5,6.79,5,No,9,8,3
127,5.3,7.31,5,No,9,7,3
96,5.45,8.61,9,Yes,10,10,10
113,5.2,6.68,7,No,1,4,4
124,6.03,6.75,9,Yes,3,7,5
117,5.54,5.43,7,Yes,10,8,6
112,6.04,9.12,7,Yes,3,6,5
125,6.54,5.41,9,Yes,10,6,0
69,8.77,7.92,7,Yes,6,3,1
120,7.44,6.86,6,Yes,4,5,6
100,8.34,6.83,7,Yes,7,10,2
82,7.84,8.06,7,Yes,6,2,9
117,5.45,5.3,9,Yes,9,5,10
130,7.94,7.67,5,Yes,8,5,1
107,6.1,8.47,8,No,7,7,5
124,7.56,8.73,7,Yes,8,4,10
134,6.36,5.77,8,Yes,0,6,3
129,8.99,9.04,7,Yes,9,9,10
134,6.05,7.95,9,Yes,2,4,4
121,6.12,8.97,9,Yes,4,6,5
111,8.72,7.18,7,Yes,8,9,2
85,5.1,7.44,9,No,7,10,0
106,7.79,9.14,9,No,9,1,2
97,7.9,9.05,7,No,6,8,2
142,8.35,7.02,5,No,1,1,5
107,8.9,6.23,7,No,10,4,3
111,8.9,6.77,5,No,5,3,6
118,5.26,6.74,9,No,3,4,10
110,8.29,6.29,5,Yes,4,7,1
135,7.59,6.21,9,Yes,4,9,3
100,7.59,8.87,5,Yes,3,9,7
112,5.51,5.31,5,Yes,3,10,10
98,7.6,8.05,7,No,3,1,5
90,8.93,5.78,5,Yes,10,10,9
100,8.65,6.55,9,No,1,1,2
109,6.76,5.28,7,Yes,0,9,9
103,5.16,6.21,5,Yes,1,4,1
99,6.45,8.46,7,Yes,6,3,2
88,8.31,8.98,8,Yes,0,9,0
108,7.81,6.0,7,Yes,5,5,0
87,6.84,7.09,8,Yes,3,6,1
121,5.22,7.12,8,Yes,1,1,2
111,6.71,8.93,7,Yes,2,1,8
88,6.88,8.43,9,No,6,7,7
105,8.71,7.31,9,Yes,5,10,10
98,7.56,8.02,9,Yes,5,8,10
114,6.25,8.81,6,Yes,7,8,8
130,7.1,5.04,8,Yes,7,7,6
81,5.26,6.81,7,Yes,5,9,6
111,8.89,9.08,9,Yes,0,1,4
107,6.44,8.33,9,Yes,9,2,6
120,6.91,7.44,7,No,6,3,3
113,6.42,7.38,8,Yes,7,5,4
98,7.73,6.56,7,Yes,4,4,0
105,7.65,7.34,6,Yes,10,4,10
98,7.86,7.95,6,Yes,3,8,3
126,6.07,6.88,7,Yes,6,8,2
110,6.26,8.21,8,No,10,7,1
138,5.5,8.88,9,No,5,1,1
109,7.62,5.7,6,Yes,5,10,7
99,5.16,7.03,6,No,2,4,0
87,7.39,6.84,8,Yes,10,1,7
82,8.48,8.09,6,No,9,5,8
86,8.56,6.12,6,No,3,3,5
114,6.8,7.88,8,No,4,3,0
117,6.84,8.95,7,Yes,8,4,9
86,5.31,6.88,9,Yes,7,2,6
123,7.68,9.1,9,Yes,2,7,4
102,8.29,9.47,6,Yes,5,4,8
112,5.98,5.48,9,Yes,9,5,6
134,6.69,6.05,7,Yes,0,2,4
123,8.36,9.28,6,Yes,2,6,1
105,8.51,9.31,9,No,9,9,3
96,5.97,5.44,5,Yes,6,8,1
77,7.2,5.07,5,No,6,8,8
99,5.77,5.72,5,Yes,1,2,1
106,5.41,9.48,5,No,2,4,1
95,8.64,5.81,5,Yes,6,8,1
108,8.28,7.26,6,Yes,5,1,0
111,8.04,8.82,8,No,6,8,8
106,5.2,5.09,8,Yes,9,3,7
100,8.37,7.72,6,Yes,8,8,1
112,6.75,6.25,6,Yes,7,6,1
116,6.37,8.88,7,Yes,5,7,4
93,7.19,6.28,8,Yes,3,2,3
131,5.37,8.09,5,Yes,9,1,1
108,8.03,8.03,6,No,8,6,7
110,7.33,6.0,5,No,6,3,7
120,5.75,5.16,8,Yes,4,4,3
113,5.75,6.84,9,No,1,9,3
124,5.74,6.3,9,Yes,8,3,8
114,5.23,8.64,6,Yes,6,2,3
100,7.35,8.6,7,Yes,8,2,9
115,8.36,7.06,5,No,10,2,10
92,5.07,7.73,6,Yes,8,6,8
111,5.2,7.72,7,No,9,2,2
109,7.29,8.72,5,Yes,4,7,1
106,8.28,6.91,8,No,6,7,10
108,6.31,6.24,9,No,4,7,7
81,6.4,6.19,7,Yes,2,2,2
101,7.39,7.41,5,No,9,7,1
111,6.1,7.02,6,Yes,7,10,10
112,5.11,6.98,5,Yes,7,8,7
94,7.94,5.41,6,Yes,8,8,7
128,7.5,8.23,9,Yes,10,2,4
97,7.32,5.96,9,No,5,5,8
124,7.97,5.89,5,Yes,1,6,10
116,7.7,6.86,5,Yes,2,9,5
100,5.82,6.03,6,Yes,10,6,4
136,6.41,7.63,6,Yes,9,10,2
92,5.5,6.67,7,Yes,10,6,6
123,5.52,7.02,7,No,5,10,8
125,7.7,7.42,7,No,0,10,3
99,8.43,5.92,5,Yes,1,6,10
130,8.85,5.7,7,Yes,7,9,6
106,7.51,8.96,5,Yes,10,10,2
114,5.74,6.95,9,No,7,7,10
113,5.42,6.85,8,Yes,5,1,1
107,8.25,5.16,9,Yes,2,1,10
122,7.32,7.24,5,No,1,4,0
121,7.47,7.49,5,Yes,5,2,5
83,8.13,7.51,8,Yes,0,3,4
129,7.81,8.18,6,No,9,7,1
85,8.34,5.8,6,Yes,5,7,2
125,5.22,6.14,6,Yes,8,3,8
126,7.99,8.65,7,Yes,6,2,2
93,8.4,9.26,6,Yes,8,1,6
103,6.14,5.61,7,Yes,1,9,0
93,7.56,7.24,7,No,10,10,6
106,6.26,5.96,6,Yes,4,3,8
105,8.83,5.27,6,No,8,9,10
121,5.13,6.46,8,Yes,6,4,7
129,7.32,5.65,8,Yes,8,10,6
130,5.67,8.19,7,Yes,10,6,9
101,7.85,7.4,8,Yes,5,7,7
106,5.7,5.65,7,Yes,6,10,3
84,5.94,5.04,5,Yes,9,6,1
97,6.98,8.64,7,Yes,4,1,10
124,8.66,5.79,7,Yes,5,6,8
134,5.85,7.73,8,No,0,6,2
91,5.58,6.52,5,Yes,0,5,10
101,8.04,7.63,9,Yes,1,3,3
109,7.0,6.42,9,Yes,10,10,6
114,8.65,5.39,9,Yes,3,3,1
97,5.59,6.0,5,No,10,10,7
116,7.58,5.85,6,Yes,8,7,9
102,5.93,6.93,5,Yes,6,8,7
109,5.63,7.96,8,Yes,5,3,4
118,7.73,6.19,7,No,0,3,8
110,7.37,5.05,7,Yes,4,7,7
103,8.02,7.34,8,Yes,10,10,0
108,6.24,7.73,8,Yes,3,7,8
108,6.79,9.33,7,Yes,4,9,4
104,6.62,7.65,6,Yes,10,6,8
106,8.94,7.12,6,No,8,7,8
133,6.17,7.58,6,No,2,10,9
118,6.18,9.18,8,Yes,3,1,9
105,6.42,8.73,7,Yes,7,7,2
120,7.26,6.45,7,Yes,2,2,7
104,6.01,6.07,7,Yes,2,7,6
127,8.66,6.18,5,Yes,8,3,6
115,6.06,7.27,5,Yes,4,9,9
108,8.58,8.35,9,No,9,5,1
116,5.41,7.26,5,Yes,0,7,1
86,7.63,5.31,6,No,6,8,1
93,8.63,8.26,6,Yes,6,2,10
92,5.67,8.63,6,Yes,5,1,1
112,8.87,6.3,6,Yes,5,7,3
135,6.81,7.99,9,No,2,6,6
143,8.78,6.92,6,Yes,2,6,1
119,7.71,9.0,8,No,9,2,4
117,6.21,8.8,8,No,10,3,6
82,5.75,7.36,8,No,8,4,8
101,6.21,8.11,5,No,0,3,7
98,5.37,8.98,7,No,6,2,8
100,5.58,7.23,9,No,10,3,6
107,5.42,6.41,8,Yes,9,6,2
102,6.69,8.39,8,No,6,9,0
80,8.18,5.99,6,No,7,4,9
121,5.57,6.75,8,Yes,5,6,6
93,5.52,8.9,6,No,7,1,10
113,7.57,8.26,6,Yes,0,6,5
141,5.79,6.82,7,Yes,0,3,1
96,5.39,5.97,5,Yes,8,9,0
72,5.67,6.6,6,Yes,3,4,9
105,8.69,6.28,6,No,2,7,3
126,8.29,5.79,7,No,5,4,3
139,6.42,8.34,6,No,9,6,5
91,7.62,6.13,9,No,8,7,10
117,7.15,7.04,5,Yes,9,2,4
103,7.71,6.74,9,Yes,10,10,8
108,7.73,9.42,8,Yes,3,6,7
149,7.51,6.76,5,No,8,8,8
87,6.06,5.36,8,Yes,4,6,9
113,5.16,5.4,6,No,6,2,6
117,6.82,7.66,7,No,2,4,8
126,8.56,7.7,9,No,2,1,2
111,7.28,6.88,8,Yes,2,7,8
114,8.33,6.94,6,Yes,7,8,1
104,8.97,5.24,9,No,5,10,8
114,5.65,7.32,9,No,8,2,5
104,7.77,7.27,8,Yes,8,10,3
119,7.7,5.67,6,No,7,5,10
104,8.92,5.47,7,No,0,8,1
115,8.94,5.56,8,Yes,5,8,9
109,7.75,5.45,9,Yes,3,5,2
126,5.97,7.74,9,Yes,3,8,4
109,8.19,5.88,5,Yes,2,6,8
83,5.43,6.13,6,No,8,5,6
128,8.12,5.78,5,Yes,1,4,10
96,8.64,9.31,7,No,0,5,10
100,6.53,8.85,8,No,9,4,2
101,7.52,6.04,9,Yes,2,1,3
130,6.72,6.47,6,Yes,3,3,10
77,6.75,5.94,9,Yes,3,8,1
157,6.24,7.21,5,Yes,5,7,7
125,8.05,5.09,5,Yes,0,7,5
113,8.74,8.02,8,No,0,3,2
109,8.76,7.35,6,Yes,1,9,4
114,5.7,9.04,6,Yes,3,6,4
117,8.5,5.74,8,Yes,6,8,0
119,7.95,8.62,5,Yes,5,8,4
118,6.01,8.56,5,Yes,10,3,5
111,5.27,5.57,5,No,8,4,9
107,6.07,6.79,9,Yes,6,6,9
107,8.65,5.77,7,No,4,2,10
107,7.53,6.15,5,Yes,5,7,10
127,7.88,6.18,7,No,9,2,10
118,6.03,7.5,7,No,8,5,1
65,7.88,6.85,6,Yes,0,4,2
119,5.11,9.26,8,Yes,10,9,9
112,6.5,5.57,9,Yes,8,2,4
109,7.51,9.38,7,No,5,7,2
104,5.58,6.04,9,No,3,7,4
126,8.29,8.48,6,Yes,4,7,4
124,5.94,6.53,5,Yes,0,1,7
98,7.61,5.64,7,No,6,8,9
116,6.62,8.86,8,No,7,2,8
95,7.38,6.39,6,No,10,5,7
89,5.43,7.96,9,No,4,2,2
100,5.07,7.55,5,Yes,1,5,0
122,8.64,7.12,9,No,7,7,2
124,6.08,7.23,8,No,9,6,0
117,8.28,8.3,7,No,6,5,10
120,9.0,5.39,8,Yes,9,4,8
117,5.85,8.01,9,Yes,8,8,2
100,6.06,9.03,9,Yes,3,8,7
116,7.65,5.26,8,Yes,10,1,5
122,8.86,5.63,8,Yes,8,10,2
121,8.66,8.22,8,No,3,2,8
127,7.01,6.97,5,Yes,2,3,7
120,8.18,6.82,9,Yes,10,1,2
115,5.54,5.62,6,No,2,3,6
126,8.91,7.28,5,No,9,10,4
109,8.86,5.57,5,Yes,1,8,1
96,5.65,7.14,5,Yes,9,4,7
107,6.2,8.44,6,No,2,7,0
98,5.4,6.16,8,No,7,7,3
99,6.09,7.16,9,Yes,10,5,10
107,8.26,9.46,7,Yes,7,1,10
98,6.51,8.09,7,Yes,1,10,3
105,5.35,8.79,9,No,10,4,9
81,6.37,6.87,6,Yes,1,7,4
113,8.93,8.46,7,Yes,1,5,3
110,7.52,5.18,5,Yes,9,2,0
97,6.66,5.55,7,No,6,8,6
119,5.67,5.91,9,Yes,5,2,9
124,8.94,6.81,5,Yes,10,8,10
85,8.28,8.81,7,No,0,2,1
98,6.13,6.56,9,Yes,1,5,9
98,5.28,7.95,6,Yes,0,4,2
95,5.23,8.19,9,No,10,1,4
122,5.48,7.64,6,Yes,6,8,7
107,7.32,6.61,5,No,5,10,9
106,8.72,7.6,9,Yes,1,3,7
79,6.99,6.54,8,Yes,1,4,1
119,8.37,5.38,8,No,1,4,8
91,6.78,9.47,8,Yes,7,5,5
110,7.83,5.57,8,No,6,3,8
114,7.93,5.33,8,Yes,0,9,3
130,5.7,8.95,6,Yes,3,4,2
90,6.44,6.36,9,No,10,10,4
64,7.55,7.93,5,Yes,3,4,4
112,5.28,6.48,8,Yes,6,6,3
137,6.45,6.76,8,Yes,1,8,6
128,7.14,6.18,5,Yes,3,7,7
113,8.98,6.54,5,No,0,4,4
102,6.9,6.85,8,No,10,4,8
122,8.26,8.24,6,No,10,5,6
95,6.73,7.3,5,No,3,10,6
117,8.19,9.25,9,Yes,10,5,7
117,7.38,5.19,9,Yes,0,1,3
125,8.55,7.26,6,No,1,8,9
151,6.64,7.63,7,Yes,1,10,5
115,7.42,9.14,6,Yes,9,5,4
102,7.52,5.22,8,No,2,3,0
109,6.67,7.58,7,Yes,7,3,8
83,5.58,8.84,8,Yes,10,4,1
99,5.37,6.09,9,Yes,5,7,5
103,5.07,8.94,5,No,5,5,7
102,8.49,5.09,8,Yes,8,1,2
112,5.95,8.3,9,Yes,7,5,4
97,5.85,9.2,6,No,1,5,6
126,7.94,7.96,8,No,5,6,3
110,6.28,6.98,9,No,0,7,4
109,7.02,5.2,5,Yes,8,5,0
105,5.65,9.14,8,Yes,3,2,3
112,8.84,7.12,9,Yes,3,2,6
122,8.41,5.13,8,Yes,8,4,9
96,8.46,8.1,5,Yes,2,1,6
100,6.63,7.17,8,Yes,4,7,9
105,8.05,5.56,8,Yes,0,1,9
89,5.58,5.96,9,No,5,3,3
97,5.03,5.29,7,No,2,10,5
102,5.08,7.58,8,Yes,0,7,4
123,7.35,7.8,7,Yes,9,6,0
113,6.82,7.28,6,Yes,5,7,7
112,7.07,8.68,8,Yes,9,5,6
122,5.03,8.87,7,Yes,1,8,4
107,6.69,7.77,6,Yes,7,6,9
115,7.87,5.06,9,No,10,4,9
108,6.77,8.13,8,No,1,1,6
113,7.93,6.88,9,No,3,2,9
101,5.93,7.55,6,No,2,6,2
73,8.25,7.92,9,No,8,4,7
107,7.35,6.58,9,No,1,3,4
131,5.84,9.13,5,Yes,2,7,1
123,5.95,5.6,6,Yes,6,7,1
124,7.51,8.02,9,No,3,2,3
128,8.32,5.02,7,Yes,5,8,6
111,6.66,9.16,6,No,2,1,9
112,6.03,5.51,5,No,0,10,3
100,8.47,5.43,8,No,10,7,8
105,7.68,6.5,9,Yes,5,10,1
119,6.79,6.68,7,Yes,3,1,5
128,6.95,5.96,5,No,1,3,3
107,5.82,7.63,6,No,6,3,5
103,7.51,6.99,9,Yes,9,10,9
110,6.43,5.15,5,No,4,2,8
119,8.98,6.44,5,No,5,10,9
88,6.92,8.65,7,Yes,5,5,8
75,6.94,8.1,8,No,8,4,8
101,7.26,8.26,8,Yes,1,6,8
91,8.67,8.14,8,Yes,5,2,2
102,8.2,6.4,6,Yes,8,4,10
107,6.8,5.45,5,No,3,7,8
103,7.87,6.23,6,No,10,1,2
131,7.34,8.74,5,Yes,5,3,9
114,6.97,9.41,7,No,6,1,2
114,5.77,7.22,7,No,0,2,4
119,6.86,5.04,6,No,4,9,5
92,5.98,5.63,6,Yes,3,10,8
125,8.66,6.45,7,Yes,9,5,0
108,6.34,7.6,9,Yes,1,4,7
120,8.81,5.34,8,No,1,4,3
93,7.13,9.25,8,Yes,1,8,9
86,7.53,6.64,7,No,6,3,6
122,7.17,9.11,8,No,10,4,5
115,5.52,8.51,9,No,10,2,5
96,6.5,8.4,9,No,3,6,6
96,5.4,7.73,5,Yes,5,9,3
126,7.49,7.82,6,No,6,4,5
92,6.79,7.87,8,Yes,8,6,2
134,8.11,7.83,9,No,10,4,4
96,5.88,7.49,6,No,1,2,1
119,5.66,9.44,6,No,9,6,2
105,6.63,8.3,5,No,8,7,8
119,8.71,8.5,6,Yes,10,4,5
101,7.84,8.93,6,Yes,4,7,2
107,6.68,5.97,7,No,5,8,1
110,7.07,5.38,5,Yes,5,3,4
94,5.34,7.17,5,Yes,10,2,9
121,8.94,7.31,8,Yes,2,5,4
102,7.67,8.73,6,Yes,10,2,0
106,6.14,7.0,8,Yes,10,10,2
95,7.34,7.57,9,No,9,5,6
71,5.44,7.37,6,No,6,10,8
107,8.86,5.17,9,Yes,6,6,4
146,5.7,7.77,7,No,7,8,3
121,7.59,8.73,6,Yes,4,6,2
109,5.98,5.71,8,Yes,1,4,9
106,7.87,7.67,8,No,2,3,8
110,8.11,7.67,6,No,8,2,6
118,7.69,5.74,8,Yes,5,1,6
92,7.46,5.56,6,No,7,2,7
126,8.57,9.41,5,No,7,2,9
120,5.31,6.77,8,Yes,4,5,0
120,6.32,6.02,6,Yes,0,9,10
116,5.99,5.77,6,No,5,1,3
110,8.95,8.0,8,Yes,6,4,4
120,6.56,7.74,5,Yes,8,10,4
118,7.93,7.9,8,No,1,7,0
104,7.74,5.4,6,Yes,1,10,2
101,5.85,9.02,5,Yes,9,3,1
111,5.96,6.75,9,Yes,0,8,6
133,6.13,6.41,7,No,4,3,4
91,6.64,7.08,8,Yes,1,8,2
87,5.94,6.76,6,Yes,2,2,10
112,5.08,8.89,5,Yes,1,5,7
110,8.52,9.18,5,Yes,10,4,0
112,8.86,6.37,9,No,3,9,0
113,6.37,8.89,8,No,10,3,5
106,6.35,8.52,5,Yes,2,5,0
132,5.03,9.19,9,No,8,10,3
85,7.72,6.11,6,No,9,9,5
97,8.3,7.6,9,No,1,6,0
108,5.59,6.24,8,Yes,6,2,8
85,5.64,8.71,9,Yes,10,1,3
107,8.16,5.02,5,No,2,1,8
134,7.47,7.54,5,Yes,9,7,8
110,5.18,6.53,7,Yes,7,2,5
113,7.49,6.45,9,No,3,7,6
91,6.24,7.9,6,No,3,1,0
100,6.47,8.83,8,Yes,8,4,4
104,8.08,7.74,7,No,10,10,2
105,8.24,8.84,9,Yes,2,4,9
129,6.6,6.19,6,No,6,5,9
118,8.79,7.34,7,Yes,0,10,5
93,6.63,7.03,5,Yes,6,1,3
113,8.09,5.05,8,Yes,9,7,8
117,6.94,7.51,9,Yes,10,2,6
127,8.59,7.98,6,Yes,1,2,3
133,8.63,7.66,5,Yes,5,8,10
94,5.35,8.31,7,No,8,9,5
97,8.75,7.57,8,Yes,5,6,1
91,8.3,5.3,7,No,2,1,2
106,8.17,5.52,7,Yes,0,1,10
116,5.8,7.68,6,No,3,7,6
124,8.22,6.24,5,Yes,3,8,10
108,8.4,5.36,9,Yes,7,3,3
105,6.16,6.93,6,Yes,9,9,9
112,8.81,7.49,8,Yes,9,4,6
97,5.2,6.48,7,No,6,4,8
141,5.6,8.24,8,No,9,3,4
85,7.15,7.9,6,Yes,6,8,0
112,7.3,6.5,6,Yes,6,9,4
140,7.58,8.4,9,Yes,1,1,5
110,5.07,7.92,7,Yes,8,2,10
107,8.84,7.87,6,No,5,1,1
104,5.18,7.49,8,Yes,1,4,7
107,5.57,5.05,9,Yes,0,10,1
130,5.06,8.13,8,Yes,10,7,8
76,7.27,6.69,7,Yes,0,7,1
133,8.73,9.24,9,Yes,0,6,2
88,7.66,8.68,9,Yes,3,5,7
106,8.29,7.64,9,Yes,3,4,10
103,5.05,6.13,5,Yes,8,8,5
118,7.17,5.92,9,Yes,0,7,0
86,6.84,6.53,8,No,2,10,3
116,7.0,7.14,8,Yes,2,1,4
140,5.29,6.33,7,Yes,7,6,10
89,7.74,7.32,6,Yes,1,2,2
112,7.01,5.74,6,Yes,5,4,0
100,8.06,9.4,5,Yes,10,5,2
116,6.94,5.49,9,No,3,8,8
110,5.6,9.19,5,No,9,6,1
100,7.59,9.11,7,Yes,5,2,0
117,5.69,7.36,7,No,4,5,6
137,8.49,8.26,6,Yes,8,5,6
107,7.45,6.96,7,Yes,8,6,4
120,5.63,7.84,9,No,0,1,1
90,8.85,6.53,8,No,2,8,0
95,7.07,6.36,7,No,0,3,4
117,5.29,7.6,5,Yes,5,5,9
132,7.51,7.24,9,Yes,2,7,3
115,6.01,7.61,7,Yes,0,3,8
105,8.21,6.29,7,No,5,10,4
109,8.27,6.65,9,Yes,4,6,10
91,8.92,5.38,7,No,7,5,9
119,7.01,5.24,8,Yes,1,7,1
123,6.82,6.14,6,Yes,7,10,3
103,8.01,5.33,9,No,4,3,8
102,5.53,5.47,5,No,7,2,7
113,7.19,8.66,7,Yes,9,4,2
103,7.18,5.17,6,No,3,3,7
109,5.36,7.97,5,Yes,3,4,1
141,6.67,6.23,5,Yes,9,7,2
106,8.41,8.92,8,No,3,5,4
104,8.42,7.18,6,No,10,4,10
100,5.4,6.38,9,No,5,6,9
121,5.36,7.33,6,No,3,7,9
107,6.05,6.72,6,No,8,5,7
100,8.5,7.54,5,No,8,7,0
129,5.52,5.52,8,Yes,2,3,3
131,7.88,9.49,8,No,6,7,0
100,5.4,6.92,6,No,4,3,0
82,7.49,6.57,6,Yes,8,6,4
125,6.42,8.2,7,Yes,1,8,5
99,8.16,6.64,5,Yes,2,6,0
121,5.93,8.75,9,No,9,10,10
80,7.56,7.04,9,Yes,4,3,5
123,5.94,8.24,8,No,4,5,4
91,7.85,5.48,5,Yes,9,9,3
120,8.49,8.81,8,Yes,6,8,9
110,5.51,8.31,9,No,7,6,4
95,8.47,5.95,6,Yes,7,9,7
103,7.37,5.65,5,Yes,0,2,8
120,5.51,6.42,5,Yes,0,9,10
111,6.71,9.39,7,No,2,10,1
118,5.64,6.16,6,No,0,10,5
139,7.8,7.05,6,No,0,6,2
86,8.04,5.14,8,No,9,9,1
134,5.42,6.79,5,Yes,7,4,0
111,7.02,7.57,8,Yes,0,5,3
96,8.26,9.29,6,Yes,8,2,7
90,8.74,7.33,7,Yes,1,3,2
107,7.05,8.69,5,Yes,8,1,4
123,8.8,7.46,6,Yes,6,4,9
108,7.14,5.18,7,No,8,2,4
132,6.58,6.42,9,Yes,2,2,4
88,8.39,7.59,6,No,0,1,10
109,6.97,9.28,9,No,0,10,8
91,6.89,8.87,8,No,10,2,7
115,6.96,6.03,9,No,9,4,7
123,8.39,5.99,6,No,5,6,0
103,8.33,5.91,9,Yes,6,7,0
70,6.61,9.15,5,Yes,8,7,1
112,6.33,8.84,6,Yes,5,7,7
116,6.97,8.49,7,Yes,4,4,9
116,7.29,6.77,9,No,1,5,0
128,5.95,7.27,5,No,1,3,3
93,8.18,7.09,8,No,7,1,8
120,6.95,6.14,8,Yes,0,8,1
127,6.34,7.27,9,No,7,10,2
83,5.43,5.14,8,Yes,10,7,10
114,5.96,5.59,7,No,9,9,5
102,8.8,8.99,6,Yes,10,10,10
108,6.22,8.38,5,Yes,6,4,9
115,5.68,6.9,9,Yes,6,5,2
102,6.84,7.33,8,No,4,5,3
99,6.23,6.66,6,Yes,2,7,8
110,5.14,8.33,7,Yes,6,9,8
93,6.29,8.53,8,No,6,8,9
93,7.18,8.43,8,No,6,7,4
120,7.21,8.25,5,Yes,10,1,6
92,6.43,5.92,7,No,1,10,8
119,6.79,6.52,7,Yes,2,6,7
116,8.86,7.11,9,Yes,2,10,10
84,6.51,6.49,5,Yes,3,9,6
99,6.03,8.4,9,Yes,8,7,7
127,5.97,6.48,5,Yes,9,1,4
95,6.83,5.62,7,Yes,0,9,4
103,8.04,6.8,5,Yes,6,3,4
116,5.82,9.41,5,No,6,9,0
121,7.84,6.02,5,No,10,4,5
106,5.08,7.75,6,Yes,3,9,4
101,6.68,6.95,6,Yes,10,8,7
131,8.1,5.32,7,No,0,7,7
136,6.35,7.2,5,No,2,4,1
124,7.25,8.16,7,No,4,9,10
111,5.82,7.31,6,Yes,1,4,5
97,7.97,8.92,5,Yes,6,1,10
97,5.21,6.3,9,No,9,6,9
117,8.41,5.39,6,Yes,9,4,9
116,5.79,9.21,6,No,6,10,5
131,8.5,6.7,6,No,9,3,2
119,6.41,7.59,5,Yes,4,5,0
87,7.89,8.56,8,Yes,9,3,6
125,6.28,6.46,9,No,5,9,9
95,8.62,8.22,9,Yes,0,6,4
104,5.51,5.61,7,Yes,3,3,9
113,5.71,6.31,5,No,3,5,4
139,6.97,5.65,6,No,10,8,10
156,5.33,8.65,8,Yes,7,8,7
119,5.78,6.0,5,Yes,1,6,4
107,8.78,8.23,5,No,0,5,4
118,8.91,9.24,8,No,6,5,0
123,6.51,7.37,6,No,5,1,1
105,8.69,7.43,5,No,4,2,4
136,7.18,7.07,9,Yes,7,4,6
113,6.08,6.47,9,Yes,10,6,2
117,7.81,7.14,8,Yes,1,7,0
119,7.64,7.71,6,Yes,1,1,10
116,8.96,9.44,8,Yes,8,8,1
122,6.06,9.22,5,Yes,0,1,2
100,7.69,8.88,9,No,5,9,8
101,5.21,9.0,7,No,2,4,7
93,5.45,7.11,8,No,4,7,3
116,5.02,7.96,7,Yes,7,6,7
121,9.0,9.03,7,Yes,6,9,8
116,8.21,6.77,9,Yes,3,2,2
135,8.15,9.33,8,No,7,7,5
109,7.04,6.87,7,Yes,10,5,7
120,6.2,7.7,5,Yes,10,7,9
93,5.61,8.19,6,Yes,9,1,6
104,6.14,9.28,6,No,10,10,8
120,6.5,6.1,9,No,1,9,6
122,8.03,8.36,8,No,6,1,0
105,7.16,7.34,8,Yes,4,5,8
108,5.31,6.21,6,Yes,10,8,4
87,5.07,8.49,5,Yes,5,1,5
104,5.41,7.49,6,Yes,2,7,1
123,6.64,7.97,6,Yes,10,2,1
118,8.73,6.45,8,Yes,9,7,3
117,7.55,7.17,7,Yes,6,7,3
110,8.21,7.78,5,Yes,6,9,4
110,6.87,6.82,8,Yes,1,6,6
100,6.45,5.89,6,No,0,4,10
120,5.43,9.33,7,No,9,7,0
116,8.5,7.3,5,No,1,7,9
117,8.13,8.3,9,Yes,7,4,3
102,5.67,6.85,5,Yes,10,2,8
77,7.05,6.6,5,No,9,9,7
126,6.95,6.83,6,Yes,2,8,2
102,7.5,6.84,6,No,10,5,5
97,8.78,7.45,9,Yes,3,5,10
120,7.32,7.45,9,No,7,1,8
104,7.16,7.24,9,No,2,9,7
125,5.2,5.61,8,No,5,10,6
119,5.25,7.23,8,No,1,8,6
120,5.75,5.76,6,Yes,2,5,0
89,5.13,5.57,6,Yes,0,10,4
128,7.97,9.2,9,Yes,8,6,6
113,7.89,7.72,8,Yes,3,10,1
104,5.54,7.97,7,Yes,5,10,5
112,8.34,6.81,8,Yes,6,8,1
83,5.62,9.09,6,No,1,6,2
116,6.2,7.87,8,Yes,7,10,0
94,6.0,8.46,6,Yes,8,4,2
89,6.49,6.66,9,Yes,9,3,6
87,6.02,9.32,9,Yes,10,7,4
126,6.96,8.69,9,Yes,1,2,3
100,6.63,8.84,7,No,4,7,7
133,8.95,5.77,7,Yes,1,1,7
101,5.22,6.22,6,Yes,10,10,0
84,5.57,6.29,5,Yes,4,5,8
93,5.21,6.22,7,Yes,6,9,8
128,7.5,8.85,6,No,5,1,1
107,5.22,5.14,8,Yes,3,8,1
101,8.35,5.34,9,Yes,1,9,7
112,7.05,6.23,9,Yes,6,9,10
117,7.11,5.9,9,No,9,8,5
126,7.25,6.04,6,Yes,8,4,2
131,5.68,8.59,9,No,0,7,1
104,5.79,7.53,7,Yes,2,1,4
90,6.28,5.03,8,Yes,6,7,7
103,7.37,6.93,9,No,8,6,5
113,5.84,6.84,6,Yes,4,5,2
95,5.47,5.51,8,Yes,6,1,8
95,8.88,8.04,9,Yes,9,8,7
115,5.09,8.16,5,Yes,6,10,9
109,8.21,8.24,9,No,3,1,5
110,8.15,8.28,7,Yes,4,1,0
98,6.19,5.0,8,No,1,3,1
106,5.54,9.29,7,Yes,7,8,3
96,5.58,8.66,5,Yes,0,8,1
123,7.79,9.07,5,No,1,7,2
125,7.57,5.07,7,Yes,2,5,7
82,8.13,9.2,8,Yes,6,8,8
96,8.75,8.64,5,Yes,5,2,5
87,7.77,8.77,5,Yes,6,8,3
100,5.62,5.42,9,No,10,2,10
108,5.97,8.32,6,Yes,4,10,1
88,8.37,9.32,5,Yes,3,5,6
96,5.84,8.05,8,No,6,4,9
94,5.29,7.57,8,Yes,2,1,10
113,7.81,9.26,9,Yes,9,5,6
111,6.61,6.99,8,Yes,6,7,9
99,8.68,7.7,9,No,1,1,8
112,7.6,7.14,5,No,7,2,4
101,5.36,9.2,5,No,5,9,9
105,8.79,5.34,5,Yes,2,5,3
135,6.03,7.26,5,No,2,7,9
130,6.35,8.09,6,Yes,4,2,5
90,6.61,8.56,6,Yes,2,7,1
122,5.2,7.62,5,No,5,7,1
122,6.99,9.09,8,Yes,1,7,8
92,5.49,9.24,9,Yes,7,5,6
122,6.6,5.29,7,No,10,9,6
133,6.4,6.81,9,No,10,2,4
93,8.09,5.11,7,Yes,8,4,6
96,8.21,6.48,7,Yes,6,2,8
125,5.61,7.42,5,Yes,2,8,9
114,6.47,9.1,7,Yes,10,1,4
118,6.49,8.81,5,Yes,9,9,8
115,5.61,5.57,6,Yes,3,5,0
115,8.19,5.42,8,No,9,3,2
90,7.83,7.65,7,Yes,1,4,6
125,5.76,7.39,8,Yes,8,1,3
127,6.47,6.2,5,Yes,4,3,1
106,5.42,9.05,7,Yes,1,8,2
109,7.51,9.17,9,Yes,9,2,6
87,5.49,6.81,6,No,5,2,7
117,8.94,9.01,6,No,6,9,10
118,8.12,6.73,7,Yes,1,5,8
109,6.56,8.32,6,No,0,5,5
126,7.31,7.14,9,Yes,6,1,9
104,8.65,5.55,8,No,0,6,8
118,7.22,9.18,9,Yes,2,8,3
94,5.7,7.04,6,No,3,6,4
109,6.51,8.31,8,Yes,1,7,0
107,8.37,6.65,9,Yes,6,4,8
113,7.58,5.08,5,No,4,2,8
104,7.6,5.45,5,Yes,0,1,8
108,8.47,7.23,8,Yes,7,6,2
122,8.58,8.1,8,Yes,9,9,9
103,8.68,6.51,8,No,6,10,9
85,5.38,8.13,5,Yes,3,5,9
136,7.18,8.14,9,Yes,1,2,7
130,7.96,8.17,8,No,6,1,2
90,8.03,7.22,5,Yes,10,3,5
120,7.43,9.12,8,Yes,1,4,4
102,5.67,7.2,8,No,5,7,7
113,8.19,7.03,8,No,0,9,2
114,7.88,5.9,5,No,6,8,0
106,5.34,6.38,9,Yes,6,9,8
98,6.86,5.19,5,Yes,3,7,9
99,5.7,7.85,5,No,3,10,8
96,6.35,6.12,8,No,9,8,2
97,5.07,6.37,7,No,4,8,1
108,6.6,8.47,7,Yes,1,1,3
99,7.2,6.47,7,Yes,8,9,7
120,7.48,6.09,5,Yes,9,2,5
132,7.65,5.76,8,No,3,7,9
101,8.35,8.49,7,Yes,10,10,0
113,5.86,5.58,6,Yes,8,10,7
117,5.48,7.04,6,Yes,2,5,4
117,8.41,7.28,6,Yes,8,4,5
111,5.63,8.09,9,Yes,0,1,4
121,8.9,7.85,8,No,6,1,9
117,8.37,8.65,5,Yes,3,3,4
91,7.0,5.2,5,Yes,6,1,2
123,8.93,6.33,8,Yes,9,8,3
123,5.39,6.26,9,No,5,3,4
98,6.21,5.66,8,No,3,10,10
110,7.55,6.3,9,No,3,2,10
120,6.4,6.39,7,No,7,6,1
106,8.71,7.35,7,Yes,6,4,5
126,5.26,7.99,9,No,3,4,1
145,7.2,6.71,8,No,10,2,3
98,7.36,8.24,7,Yes,5,2,0
89,7.61,6.51,8,Yes,5,6,3
114,6.02,6.31,7,No,0,5,6
120,6.46,7.44,8,No,1,9,7
106,8.37,5.11,8,Yes,3,4,1
131,5.78,5.36,6,No,5,5,2
89,8.31,6.88,9,Yes,5,1,0
120,7.25,9.24,5,Yes,0,2,6
100,8.05,8.25,9,No,7,3,3
135,7.85,5.4,8,Yes,1,5,10
139,5.83,8.81,8,No,4,5,9
98,7.28,8.3,9,Yes,3,4,7
101,8.47,7.75,8,Yes,4,10,4
122,6.73,8.69,7,Yes,4,3,8
104,8.87,6.82,8,Yes,9,9,5
109,6.81,6.0,9,Yes,7,1,10
110,5.57,7.3,9,No,9,6,9
81,6.56,7.47,9,Yes,6,7,1
109,8.81,7.42,6,Yes,8,10,0
99,6.28,7.54,6,Yes,10,4,0
102,8.47,9.27,6,No,0,10,8
131,8.53,9.06,6,Yes,5,3,0
91,6.4,8.94,6,Yes,5,8,2
122,5.33,8.61,6,Yes,1,9,1
105,7.9,9.25,6,Yes,10,1,3
105,6.25,5.44,9,Yes,7,10,0
121,8.13,6.19,5,No,5,9,0
115,6.77,7.23,6,No,10,7,3
118,6.94,8.81,9,Yes,9,1,3
124,8.11,7.27,5,No,8,7,6
105,6.53,8.37,6,No,9,5,7
100,6.77,5.63,5,No,4,10,7
93,6.5,6.14,5,No,6,7,7
97,6.47,8.29,7,No,5,9,8
154,7.1,5.74,8,Yes,10,8,0
128,8.24,6.58,7,Yes,4,6,8
89,6.45,6.19,5,Yes,5,2,9
90,7.1,6.57,9,No,3,8,7
117,7.68,8.19,6,Yes,2,4,0
118,6.08,6.66,8,Yes,0,8,6
118,6.11,7.5,6,Yes,0,7,8
106,8.73,5.45,9,No,5,4,3
108,7.89,8.62,8,No,8,8,8
114,7.31,6.66,7,Yes,7,2,0
111,7.59,7.92,5,Yes,1,9,8
76,5.12,8.26,9,No,8,6,5
106,7.47,5.94,5,Yes,7,7,3
97,7.04,8.98,5,Yes,8,10,4
112,7.18,7.77,6,Yes,3,1,6
154,6.44,6.93,9,No,8,3,9
115,5.33,5.82,5,Yes,1,10,3
105,5.77,9.24,7,Yes,0,5,7
123,8.8,8.4,8,No,8,7,2
117,6.63,5.94,9,Yes,9,1,1
116,6.87,6.52,6,Yes,7,9,0
119,5.21,8.64,9,Yes,6,5,5
140,5.15,8.13,6,No,7,3,1
93,7.87,8.45,8,Yes,0,7,7
117,7.15,6.99,7,No,8,10,10
96,7.03,8.22,5,No,9,8,9
118,5.97,6.74,9,No,10,10,3
96,7.98,5.95,6,No,8,10,8
103,5.67,7.85,8,No,10,3,3
105,5.76,9.39,5,No,8,7,3
124,6.84,6.4,8,No,5,7,7
123,6.15,7.07,7,No,3,4,7
91,5.99,8.03,5,No,1,10,4
110,7.58,7.44,5,Yes,10,9,2
99,7.6,8.8,5,Yes,3,1,1
91,8.3,8.43,6,Yes,6,1,8
106,6.67,5.26,5,No,0,5,8
105,5.29,9.49,8,No,8,3,4
146,6.09,8.39,6,Yes,2,10,7
116,8.92,8.89,5,Yes,3,9,6
89,7.39,7.93,8,Yes,4,5,2
101,7.84,8.85,8,Yes,2,7,4
125,5.03,5.51,9,No,3,1,8
141,7.07,6.56,8,Yes,4,2,3
86,5.15,8.94,7,Yes,0,4,2
81,7.28,5.91,5,Yes,8,9,6
138,8.68,5.35,5,Yes,9,5,7
115,8.87,8.55,5,No,9,5,4
96,7.16,8.76,8,Yes,3,9,7
118,6.83,5.73,8,No,8,8,4
70,8.78,8.84,5,Yes,3,2,8
110,7.69,8.09,6,Yes,0,7,6
114,5.26,7.34,6,No,4,1,4
123,6.86,8.74,7,No,8,10,8
94,5.96,6.89,9,Yes,2,9,4
111,6.88,5.87,7,Yes,4,3,7
96,6.82,6.28,5,Yes,2,2,3
113,7.33,7.27,5,No,2,4,8
96,6.43,7.39,5,Yes,0,4,5
103,5.66,8.63,9,Yes,1,3,5
95,7.01,8.56,8,No,1,2,2
119,8.32,7.62,9,Yes,8,5,2
122,7.66,8.51,7,Yes,6,4,3
106,6.35,5.86,8,Yes,7,5,0
110,8.74,5.23,8,No,1,8,5
88,8.65,8.93,7,Yes,8,2,0
105,5.84,5.34,8,No,2,9,10
109,5.16,6.11,6,Yes,9,10,3
149,7.97,8.13,7,No,1,1,6
93,8.31,6.84,7,Yes,0,8,5
131,8.87,8.94,6,Yes,8,5,7
124,8.56,6.34,9,No,7,2,3
114,7.4,5.05,9,No,10,8,8
136,7.12,6.35,9,No,3,5,9
115,5.11,7.6,8,No,6,10,7
115,5.99,6.69,6,Yes,2,10,4
109,6.84,7.41,7,Yes,2,3,5
128,7.51,8.94,7,Yes,3,7,4
126,7.23,9.11,7,No,1,4,5
100,7.97,6.2,8,Yes,9,10,0
90,6.12,7.08,8,No,3,6,3
106,7.26,7.47,9,Yes,9,10,8
97,5.35,9.27,8,No,2,8,3
109,6.65,9.49,9,Yes,7,1,1
128,8.0,6.06,9,Yes,10,2,5
103,7.77,8.27,7,No,1,8,1
109,8.96,6.7,8,Yes,10,7,2
110,6.11,5.04,9,No,8,10,6
122,6.99,5.04,6,No,2,9,3
76,6.32,7.07,6,Yes,3,2,0
100,6.76,7.2,8,No,9,8,8
113,8.43,5.1,7,No,9,6,5
128,7.74,8.09,7,No,2,1,8
102,8.53,6.32,9,Yes,2,4,2
81,5.81,7.52,8,Yes,7,2,4
119,8.49,6.35,6,No,7,7,8
100,5.24,5.75,9,No,5,9,5
92,8.55,6.83,9,Yes,3,6,1
100,6.32,6.05,5,Yes,0,4,0
107,6.26,7.41,8,Yes,3,5,8
100,7.05,5.89,9,Yes,7,1,0
76,8.76,7.29,6,No,5,4,4
123,5.19,5.71,5,No,1,10,0
129,6.41,8.02,6,Yes,2,3,4
119,8.43,8.39,7,No,6,9,4
92,6.58,5.5,5,Yes,10,6,6
106,5.8,7.11,5,No,10,4,6
109,6.7,5.32,9,Yes,3,3,10
118,6.54,7.69,7,Yes,3,4,9
120,8.66,6.19,9,No,4,8,0
98,8.05,7.37,8,Yes,7,5,8
111,7.02,7.33,6,Yes,6,1,0
116,8.95,9.16,6,Yes,8,5,4
131,6.86,7.47,9,Yes,4,8,6
120,5.23,7.62,6,Yes,0,4,7
121,6.05,6.81,6,Yes,3,2,1
111,6.74,9.27,8,No,5,3,0
131,5.63,8.5,7,No,5,9,3
116,8.79,6.28,5,Yes,8,7,3
97,8.07,8.8,9,No,9,3,9
131,6.07,6.95,9,Yes,4,5,5
120,7.36,8.73,8,Yes,4,3,0
103,7.89,8.7,8,Yes,5,10,0
102,8.77,5.85,5,Yes,10,4,2
114,8.53,8.16,7,No,5,8,4
116,7.06,6.31,9,Yes,2,3,5
112,8.1,6.34,8,No,5,3,4
114,7.25,6.33,9,Yes,7,8,4
135,7.21,8.27,6,Yes,5,10,8
126,5.46,6.03,9,No,10,10,1
112,5.5,5.0,7,Yes,4,7,0
124,7.12,8.22,7,Yes,2,7,5
94,6.08,5.77,9,Yes,0,10,8
115,5.08,5.47,6,Yes,4,2,6
137,7.89,6.07,7,No,5,7,7
106,5.13,6.71,8,Yes,5,10,4
97,7.38,7.14,9,Yes,5,10,9
100,7.16,5.2,6,No,2,3,3
93,8.88,9.37,8,Yes,3,7,5
98,6.94,8.22,9,Yes,2,4,2
104,5.25,6.45,6,Yes,1,8,0
88,7.21,6.43,8,Yes,7,8,10
110,8.36,7.02,7,Yes,6,6,3
123,8.99,7.82,9,Yes,10,3,8
96,6.72,5.66,9,No,7,6,3
132,6.28,5.85,7,Yes,5,6,0
117,8.63,8.87,5,Yes,10,3,3
125,5.76,6.15,8,Yes,6,4,6
100,7.46,6.71,7,Yes,0,2,2
122,6.62,8.92,9,No,9,1,9
93,5.16,7.98,8,Yes,4,2,5
123,6.39,6.54,8,Yes,3,7,0
112,6.06,8.08,5,Yes,9,10,10
118,7.74,5.09,9,Yes,2,5,3
92,8.8,8.31,6,No,1,9,2
96,6.07,7.19,5,Yes,8,3,0
118,8.25,8.66,5,Yes,7,2,2
95,5.22,9.3,6,Yes,9,4,3
116,7.15,9.17,6,Yes,1,2,4
89,5.28,9.09,5,Yes,5,7,5
122,8.74,7.3,8,Yes,2,10,1
91,8.07,6.62,7,No,2,6,1
118,7.63,7.09,7,Yes,4,8,5
119,8.3,8.1,5,No,6,5,4
99,7.59,8.98,8,Yes,6,2,0
118,8.88,5.93,6,No,10,4,2
113,7.86,9.13,5,Yes,9,1,10
101,8.7,8.67,9,No,0,2,4
94,7.07,9.4,8,Yes,10,4,1
80,5.47,8.96,9,Yes,6,6,0
115,7.11,6.26,9,No,6,4,8
86,5.51,5.48,5,Yes,5,4,4
111,7.37,5.51,8,Yes,5,10,1
106,6.93,6.31,9,Yes,1,10,9
120,7.49,7.76,8,Yes,2,2,3
105,5.04,8.62,7,Yes,2,9,2
105,5.78,9.05,9,Yes,2,10,6
120,6.97,7.81,9,Yes,1,8,0
115,8.8,5.03,8,Yes,8,8,9
114,6.53,5.84,7,Yes,5,5,3
117,6.7,5.45,9,Yes,1,3,6
86,7.86,6.63,5,Yes,2,6,10
121,7.42,7.26,8,No,9,9,9
119,6.2,5.2,8,Yes,5,8,4
94,6.64,6.57,9,No,3,7,3
106,5.87,5.81,7,No,6,8,3
109,8.86,7.91,9,No,5,4,10
107,5.52,7.09,6,No,5,6,1
115,6.49,7.23,9,No,2,5,7
131,5.1,6.92,6,Yes,10,2,3
126,5.89,9.3,5,Yes,7,8,1
90,8.12,5.97,8,Yes,8,3,8
119,5.8,7.32,8,No,5,5,9
129,5.32,8.31,7,No,1,8,6
115,6.9,7.51,9,No,0,9,2
126,5.04,9.18,5,No,2,9,6
140,5.34,6.7,6,No,2,5,0
125,8.23,7.09,7,Yes,7,2,0
113,8.09,5.4,5,No,4,7,3
125,8.66,7.74,5,Yes,0,7,3
112,8.42,6.3,6,Yes,10,8,3
110,7.73,5.72,6,Yes,3,8,8
104,5.21,7.45,8,Yes,6,5,5
133,8.13,7.4,9,No,4,1,2
97,8.38,5.34,7,Yes,9,4,5
132,8.2,8.14,9,No,5,4,1
117,7.03,7.81,7,Yes,9,3,1
89,5.93,5.85,5,Yes,3,8,6
115,8.38,7.11,6,No,1,3,2
78,7.91,8.24,6,No,8,5,6
119,8.92,7.38,5,Yes,1,2,2
123,5.62,6.78,5,Yes,1,6,1
101,5.9,6.45,7,Yes,1,6,3
111,5.85,7.75,5,No,0,8,3
139,8.17,9.23,7,No,2,8,2
102,5.75,8.02,9,Yes,5,1,8
94,5.27,5.34,6,Yes,6,5,5
132,8.99,7.07,6,No,0,2,4
139,5.1,9.01,6,No,4,10,5
110,8.34,5.43,9,No,4,5,10
125,6.46,9.45,9,Yes,0,10,7
130,8.37,9.27,8,No,3,9,4
98,7.22,5.35,7,No,9,4,3
102,8.61,9.2,7,No,0,8,6
128,8.7,6.63,8,Yes,0,1,4
135,5.04,8.8,6,No,6,8,3
118,5.3,6.88,7,No,6,6,4
96,6.0,6.98,7,No,2,8,10
139,7.68,7.85,6,Yes,6,6,3
102,8.55,8.49,5,Yes,2,3,7
104,6.84,5.15,5,Yes,1,8,7
115,7.43,7.67,8,Yes,9,5,0
133,5.75,5.84,9,Yes,3,10,2
122,8.22,6.56,7,Yes,9,5,10
116,8.87,6.57,7,Yes,2,7,3
116,6.07,7.11,8,No,6,6,1
110,6.98,6.5,8,Yes,0,9,4
118,5.34,5.48,7,Yes,5,7,10
72,7.24,5.66,6,No,1,3,7
105,7.01,5.15,6,Yes,7,5,1
113,5.58,7.12,9,Yes,4,9,8
92,6.77,9.3,7,Yes,2,10,6
115,6.34,5.52,7,Yes,9,2,5
106,7.09,9.26,7,Yes,6,1,7
136,7.34,8.3,7,Yes,10,8,1
133,5.03,7.87,8,No,1,8,4
103,8.04,7.9,5,Yes,4,2,3
107,7.85,8.72,7,Yes,10,8,7
108,6.47,5.48,5,No,7,5,0
103,5.21,7.27,6,Yes,10,2,2
112,8.02,8.14,9,Yes,0,7,9
98,8.82,7.64,6,No,0,7,7
93,5.96,8.75,7,Yes,2,3,4
119,6.29,5.33,6,No,2,1,3
119,5.74,8.11,8,Yes,6,4,5
97,7.31,7.4,5,No,5,2,4
123,5.62,6.71,7,Yes,6,4,2
100,6.42,6.53,8,Yes,3,8,10
113,7.79,7.79,5,No,10,2,4
122,7.24,9.01,8,No,1,1,3
109,6.55,7.23,6,No,1,3,0
116,6.68,8.71,7,No,9,10,0
102,7.25,6.81,6,No,0,7,6
107,5.02,5.46,9,Yes,8,6,3
106,5.31,5.28,7,Yes,6,6,0
98,8.53,5.23,6,Yes,9,7,5
107,5.31,6.71,7,No,2,8,10
86,7.83,6.52,5,No,1,3,10
102,8.68,8.23,7,No,2,3,10
105,6.08,8.34,7,No,6,10,10
106,6.48,5.23,5,No,4,8,0
106,7.28,6.0,6,Yes,2,7,7
109,8.53,6.23,7,Yes,8,10,8
117,8.77,7.46,8,No,1,5,10
123,7.96,5.65,7,Yes,6,4,2
100,5.35,5.6,6,Yes,9,6,6
91,7.68,9.25,5,Yes,5,9,4
94,6.64,8.62,6,Yes,5,6,2
102,6.88,5.81,9,No,6,8,4
104,5.2,6.83,7,Yes,5,1,9
98,5.76,6.6,7,No,1,6,6
90,8.16,8.56,5,Yes,10,2,6
103,6.82,7.3,7,No,4,3,8
112,6.21,5.58,8,No,2,6,7
118,6.54,8.33,8,No,8,2,3
101,8.42,6.79,6,No,7,4,4
103,8.0,6.18,5,Yes,9,6,4
96,6.09,6.69,9,Yes,10,5,9
109,5.47,7.24,6,Yes,1,6,1
97,6.01,6.54,5,No,0,6,6
118,8.68,6.09,5,No,3,8,6
83,7.33,6.79,6,Yes,3,9,8
104,7.13,5.09,6,No,9,5,8
114,7.39,8.48,7,Yes,10,6,3
112,6.46,5.77,9,Yes,1,6,4
150,8.23,5.2,8,No,6,6,6
115,7.09,7.94,7,Yes,2,2,9
94,5.47,8.48,5,Yes,6,4,6
108,5.52,8.66,9,No,6,1,10
83,7.15,7.22,9,No,0,1,9
108,8.75,5.92,6,Yes,5,1,10
97,6.23,8.32,9,No,3,7,7
123,8.48,8.15,9,Yes,10,1,7
101,8.06,6.11,5,Yes,7,6,1
108,5.99,9.07,7,No,7,2,8
100,5.15,5.47,9,Yes,2,6,10
136,5.41,9.42,6,Yes,3,6,3
105,7.91,8.87,7,Yes,0,3,0
137,5.8,8.1,6,No,9,8,0
122,6.49,9.22,9,Yes,1,4,4
117,7.01,8.25,7,Yes,6,7,6
115,7.9,5.86,9,Yes,10,4,4
115,5.45,6.99,5,Yes,6,1,2
81,6.63,5.32,7,Yes,8,6,10
105,6.94,6.75,6,Yes,9,5,6
122,7.16,8.34,5,No,8,9,0
109,8.27,6.74,8,No,8,9,10
88,5.69,6.49,6,No,5,8,0
109,8.23,7.68,9,Yes,7,7,1
135,7.77,8.92,6,Yes,8,2,0
128,7.22,5.21,8,Yes,6,8,8
109,7.8,6.73,6,Yes,3,3,3
124,6.65,5.71,5,Yes,3,6,6
104,5.55,8.13,6,No,5,10,4
84,7.66,5.48,7,Yes,10,7,6
96,7.1,7.99,8,Yes,3,6,6
133,7.56,6.29,6,Yes,10,5,0
105,6.35,5.9,8,Yes,6,4,0
106,8.63,9.21,5,No,7,2,10
105,7.35,5.08,7,Yes,7,9,2
138,5.34,6.97,9,No,7,7,9
134,6.8,5.1,6,Yes,1,7,1
143,8.03,7.18,5,No,9,4,6
107,8.18,7.25,8,Yes,1,5,2
114,6.98,6.45,8,No,1,6,6
87,8.58,5.59,5,Yes,1,2,8
132,6.07,6.69,6,Yes,3,4,10
92,6.64,8.03,9,Yes,4,4,0
113,8.59,8.52,6,Yes,3,4,2
93,8.59,7.39,7,Yes,4,7,10
101,7.74,7.65,6,No,3,7,5
97,8.44,5.9,7,Yes,6,7,8
100,5.36,6.29,8,Yes,9,7,4
101,8.46,5.73,7,No,0,2,2
101,6.28,6.12,9,Yes,0,5,7
122,5.71,6.01,5,Yes,1,10,4
93,5.96,7.34,7,No,0,2,5
113,6.67,7.53,6,No,9,5,1
128,6.0,9.25,7,No,9,6,3
102,6.28,5.88,8,No,10,3,0
99,5.54,7.89,7,Yes,2,6,3
106,6.18,8.68,9,No,5,5,0
127,7.29,7.52,7,Yes,9,4,3
112,6.77,6.15,9,Yes,10,10,1
102,6.39,6.18,6,No,5,9,5
117,7.99,5.18,8,Yes,0,8,5
93,8.57,6.37,5,Yes,5,7,7
120,8.03,8.35,6,Yes,4,1,8
116,6.33,5.21,6,Yes,6,9,7
105,7.98,5.99,5,Yes,5,9,0
97,5.61,8.18,7,Yes,6,6,2
96,5.52,8.52,7,Yes,1,7,5
118,6.38,7.05,7,Yes,0,3,0
128,8.23,8.14,8,Yes,6,5,7
100,5.99,6.75,6,Yes,8,7,5
116,5.25,5.72,9,No,1,1,0
78,5.53,6.79,5,Yes,6,1,9
101,8.43,7.61,6,No,2,5,1
109,7.54,9.27,7,Yes,5,9,5
96,6.01,5.31,5,Yes,2,7,9
95,7.22,7.28,9,Yes,9,1,7
99,7.11,6.48,6,Yes,10,5,4
114,7.62,7.29,6,Yes,10,8,0
107,5.93,5.11,8,Yes,10,8,9
76,8.46,6.41,6,Yes,4,2,1
78,6.24,8.69,6,Yes,1,7,3
100,7.78,7.49,9,No,7,10,3
116,5.06,7.03,9,No,7,5,6
68,6.49,6.28,5,Yes,6,9,1
102,6.41,6.34,7,No,5,3,6
102,7.17,6.72,9,No,0,1,6
130,5.29,8.76,5,Yes,7,4,6
104,8.16,9.35,6,No,0,7,2
115,5.87,6.97,5,No,7,1,5
112,7.71,6.77,5,Yes,10,2,5
78,8.21,8.81,5,No,1,5,3
121,7.25,6.92,5,No,7,9,0
113,7.96,7.48,9,Yes,9,1,8
117,7.65,6.04,7,Yes,3,4,1
168,6.42,8.35,5,No,6,3,8
78,8.24,7.39,8,No,4,5,7
135,6.18,8.64,6,Yes,7,5,0
105,7.28,8.51,6,Yes,5,10,10
114,7.98,5.97,6,No,4,2,6
109,6.52,8.22,6,Yes,0,5,9
103,6.21,8.6,6,No,2,9,2
101,6.84,6.56,5,Yes,9,5,9
114,8.27,5.78,7,Yes,8,10,9
87,8.72,5.01,8,Yes,8,2,8
121,7.18,7.03,9,Yes,4,7,4
103,7.65,6.59,8,Yes,2,6,10
93,8.61,7.5,9,Yes,5,7,2
103,5.39,5.85,9,No,4,8,7
128,5.93,8.87,8,Yes,0,10,2
101,7.84,6.16,5,No,1,5,6
115,8.29,6.02,6,Yes,4,2,6
99,8.43,7.16,5,Yes,8,7,6
121,6.66,7.24,6,Yes,3,7,0
120,5.36,5.97,7,Yes,8,8,10
137,6.75,6.22,9,No,2,7,4
107,5.92,5.76,8,No,0,10,10
120,6.16,8.23,7,Yes,5,7,0
111,8.09,8.47,6,No,9,9,6
129,5.3,7.08,5,Yes,6,8,7
99,8.31,8.21,8,Yes,3,2,6
121,6.71,8.31,9,Yes,9,2,0
107,7.38,5.62,7,No,4,7,2
109,5.36,9.35,9,Yes,3,10,9
111,6.35,8.69,6,No,2,10,2
113,5.36,5.92,9,Yes,0,3,6
108,8.85,5.84,5,Yes,5,1,3
113,8.23,5.57,7,No,9,9,2
133,6.84,5.62,7,Yes,4,3,5
124,5.89,8.37,5,No,10,1,9
123,8.73,7.11,9,No,0,6,5
103,6.38,8.52,5,No,4,4,9
96,5.64,8.36,8,Yes,5,1,4
124,7.25,7.72,5,Yes,9,4,5
123,8.78,8.09,9,No,4,8,2
132,5.02,5.08,5,Yes,0,7,9
100,5.95,6.4,6,Yes,4,1,4
106,8.75,7.87,5,Yes,9,10,8
85,5.68,5.04,5,Yes,0,9,3
104,5.45,5.15,9,Yes,10,6,10
124,7.28,8.83,8,Yes,2,2,1
103,8.45,8.08,8,Yes,1,3,4
119,6.91,6.19,9,Yes,0,7,2
107,8.98,8.1,9,Yes,3,3,2
114,7.72,8.57,9,No,1,3,3
92,5.3,6.38,6,No,4,5,3
111,8.97,5.16,7,Yes,9,3,4
65,6.63,9.2,5,Yes,0,3,6
107,6.15,6.55,9,Yes,9,5,3
85,7.23,5.48,9,Yes,0,5,10
128,6.22,7.21,9,No,10,9,6
121,5.35,8.46,8,No,9,1,8
117,5.01,6.0,9,No,3,1,2
132,6.8,6.21,5,Yes,6,9,4
95,8.35,6.09,9,Yes,1,5,3
136,7.29,9.46,5,No,1,4,8
123,9.0,5.89,6,Yes,0,2,4
106,6.15,7.59,7,Yes,4,9,9
127,6.12,9.16,8,Yes,5,6,1
93,5.64,5.66,5,Yes,5,9,9
97,5.66,9.37,6,Yes,1,5,0
100,6.14,9.26,7,Yes,6,4,6
102,8.17,8.98,7,No,5,7,10
94,8.62,5.97,7,No,7,5,0
128,8.9,7.85,5,Yes,5,8,7
106,5.93,8.42,6,Yes,8,8,8
115,8.53,9.44,9,Yes,9,2,6
101,6.31,5.81,6,No,1,5,8
82,5.45,8.45,6,Yes,6,10,9
114,8.48,6.52,6,No,4,8,5
81,7.54,5.79,5,Yes,0,3,6
108,5.66,6.9,5,No,2,7,2
89,6.72,8.57,5,Yes,3,3,8
139,6.15,7.09,6,Yes,1,6,2
123,7.95,7.42,5,Yes,6,2,5
111,6.81,9.48,7,Yes,0,6,3
128,8.96,6.8,5,No,2,6,8
97,5.22,7.77,8,No,8,8,0
118,6.42,6.64,5,Yes,10,5,8
112,6.93,6.77,5,No,1,1,3
113,7.01,8.13,5,Yes,4,8,9
129,6.26,9.22,5,No,3,9,4
120,7.92,7.44,8,Yes,2,1,10
114,8.5,8.46,9,No,4,5,0
85,8.75,5.4,5,Yes,5,6,0
95,8.22,5.95,7,Yes,0,4,5
108,8.4,7.26,8,Yes,1,2,9
111,7.2,5.09,9,Yes,0,5,0
93,8.3,6.14,5,Yes,2,4,1
146,6.21,7.33,9,Yes,7,7,2
132,6.59,5.07,7,No,7,6,6
119,6.27,6.19,8,No,3,3,1
111,6.87,7.31,8,No,5,9,4
106,6.14,7.58,9,No,8,4,8
95,8.85,9.17,5,No,6,5,9
111,6.25,7.9,6,No,1,3,7
113,5.39,6.87,8,No,10,8,7
91,7.11,9.19,6,Yes,1,7,10
115,5.23,8.53,8,No,2,7,1
107,5.44,5.9,5,No,7,8,0
